ime,kraj
2nd,Pakenjeng
Sauthoff,Tikiw
Vernon,Sambirejo
Kropf,Burnaby
Southridge,Dalakovo
Prairieview,Qionghai
Pond,Esperantina
Manufacturers,Cercal
Petterle,Barru
Mariners Cove,Caujul
International,Pentaplátano
Tony,Majengo
Coleman,Cruz Alta
Rieder,Chợ Gạo
Porter,Hengjie
Caliangt,Pasarkuok
Straubel,Skien
Prentice,Jingyang
Crowley,Lagawe
Stang,eSikhawini
Grasskamp,Tiechang
Havey,Yurovka
Moland,Hŭngju-dong
Haas,Al Majd
Miller,Bjuv
Jay,Yangjiapo
Oriole,Gonzalo
Ilene,Lukashin
Hansons,Gary
Crownhardt,Pagsanahan Norte
Marcy,Przewóz
Beilfuss,Huanggangshan
Scoville,Sambirata
Stone Corner,Vavoua
American Ash,Longtian
Amoth,Pimentel
Packers,Hikkaduwa
Sycamore,Amagarapati
Corry,Baytā al Fawqā
Randy,Saint-Quentin-en-Yvelines
Pearson,Altagracia de Orituco
Corscot,Polel Diaoubé
Quincy,Keleng
Raven,Pereira
Corscot,Kota Kinabalu
Moland,Plaza de Caisán
School,Skhodnya
Westport,Itapicuru
Roxbury,Nakhon Pathom
Sutherland,Pingshui
Judy,Jadranovo
Farwell,Contraalmirante Cordero
Beilfuss,Łęki Szlacheckie
Summer Ridge,Haiyan
Esch,Netishyn
3rd,Zhaogezhuang
Ramsey,Minchinābād
Elmside,Ngchesar Hamlet
Lien,Lordelo
Meadow Ridge,Maliang
Waxwing,Gradizhsk
Helena,Matias Olímpio
Boyd,Manakara
Hazelcrest,Canala
Arizona,Minador do Negrão
Eastwood,Datun
Kropf,Okotoks
Prairie Rose,Janas
Bunker Hill,Anta
Macpherson,Marseille
American,Laban
Walton,Zhuanshui
6th,Tianzhou
Ridgeway,Cordeirópolis
Hagan,Ja Ela
Bartillon,Yashiga
Rutledge,Vila do Bispo
Schlimgen,Dimitrovgrad
Barnett,Menggusi
Jana,Albrechtice
Straubel,Dongchong
Paget,Sanandaj
Tomscot,Laventille
Pierstorff,Hexi
Johnson,Lirang
Autumn Leaf,Yongjiu
Milwaukee,Magdeburg
Hermina,Tây Hồ
Sherman,Frösön
Beilfuss,Seoul
Dottie,Minji
Glendale,Del Monte
Grayhawk,Botshabelo
Oak,Dębe Wielkie
Stone Corner,Gangkoujie
Mesta,Ning’an
Toban,Gayamdesa
Farwell,Suwałki
Glacier Hill,Rudnya
Holmberg,Sukkozero
Mariners Cove,Passagem
Commercial,Shiyun
Farragut,Chenda
Carberry,Bang Lamung
American Ash,Siikajoki
Aberg,Khemarat
Mayfield,Krajan Winong
Starling,Mityana
Paget,Vetluzhskiy
Miller,Smolino
Westridge,Kozakai-chō
Green Ridge,Oemollo
Golf View,Ōhara
Karstens,Västerås
Susan,Oklahoma City
Trailsway,Creil
Bonner,Colombia
Hauk,Tanlin
Schurz,Shuanghe
Steensland,Kholbon
Tony,La Plaine-Saint-Denis
Shoshone,Emiliano Zapata
Union,Quxia
Warner,Piekielnik
Little Fleur,Vrbovec
Schlimgen,Ramotswa
Elka,Toledo
Golf,Boawae
Maywood,Tundagan
Badeau,Mungo
Kim,Leonárisso
Oneill,Mezinovskiy
Fremont,Fuming
Corry,Lajarik
Talisman,Fristad
South,Rizal
Parkside,Michałów
Chinook,Bandar-e ‘Asalūyeh
Westridge,Aquidauana
Waubesa,Brongkah
Spenser,Lusong
Vahlen,Melíki
Columbus,Surcubamba
Bobwhite,Krasnyy Lyman
Lien,Cangkeuteuk Sabrang
Green Ridge,Póvoa do Valado
Manley,Klatakan
Thackeray,Hobaramachi
Grasskamp,Santa Rosa
Thierer,Padre Burgos
Bonner,Yuanyang
Melvin,Kittilä
Mayfield,Melres
Magdeline,Camangcamang
Manley,Huangshi
Twin Pines,Calsib
Macpherson,Pasarbaru
Huxley,Osvaldo Cruz
Bay,Yinzhu
Monument,Gävle
Norway Maple,Izazi
Shelley,Solna
Forest,Tunis
Hazelcrest,Zhanjiang
Badeau,Örebro
Nancy,Nanga Eboko
Forest,Yên Lập
Ridgeview,Bystra
Grayhawk,Itzer
Drewry,Roubaix
Almo,Kangar
Warbler,Gibato
West,Taverny
Milwaukee,Narew
Bartelt,Ningmute
Kennedy,Las Vegas
Crowley,Oyonnax
Graedel,Wentugaole
Milwaukee,Dimitsána
Truax,Askim
Birchwood,Dianwan
Buhler,Dongling
Butterfield,Independencia
Londonderry,Östhammar
Cordelia,Cergy-Pontoise
Crownhardt,Tanalt
Schmedeman,Río de Oro
Sunfield,Burnside
Hoepker,Baoquan
Barnett,Xitou
Calypso,Hato Mayor del Rey
Pine View,Kabīrwāla
Gale,Fkih Ben Salah
Golf Course,Ukhta
Longview,Chalamarca
Basil,Okuta
Oak,Benito Juarez
Judy,Bromma
Hintze,Ţawr al Bāḩah
Dottie,Shimiaozi
Emmet,Santo Estêvão
Forest Dale,Erjiegou
Blue Bill Park,Recife
Old Gate,Nanjie
Forest Run,El Copé
Grayhawk,Santa Clara La Laguna
Rutledge,Daşoguz
Sheridan,Chapayevka
Barby,Daja
Jenna,Dahe
Elmside,Mingfeng
Lakewood,Ríohacha
Grover,Zhenqian
Burning Wood,Dayin
Karstens,Västerås
Hermina,Tagog
Northport,Masjed Soleymān
Continental,Guanban
Upham,Venlo
Pennsylvania,Iida
Farragut,Ankaran
Longview,Sorongan
Arizona,Montenegro
Vahlen,Batusangkar
Harper,To’rtko’l Shahri
Victoria,Dobrá
West,Centre de Flacq
Rigney,Khān Neshīn
Anniversary,Luxor
Valley Edge,Banjar Geriana Kangin
Dexter,Osby
Barnett,Turar Ryskulov
Sherman,Santong
Stuart,Sungai Raya
Reindahl,Tominian
Mayfield,Libochovice
Forest Run,Castro
Dovetail,Karamat
Waxwing,Yayao
Forest,Bang Lamung
Eastwood,Kapotnya
Dahle,Terpsithéa
Monterey,São Sebastião
Hovde,Yitulihe
Cardinal,Prinza
Maywood,Kathmandu
Macpherson,Pedreira
Carpenter,Vrtojba
Gale,Huangjiakou
Golf View,Umm Şalāl ‘Alī
Mccormick,Nkongsamba
Trailsway,Chenchang
Grover,Lewolere
Hauk,Solna
Gina,Paurito
Westport,Zemlyansk
Vermont,Zhukovka
Montana,Piduhe
Tony,Los Guayos
Warbler,Kyzyl-Oktyabr’skiy
Eastwood,Youxikou
American,Moca
Shopko,Pokrov
Nelson,Butubut Norte
Kenwood,Zaragoza
Dunning,Kauran
Sachs,Bukama
Heffernan,Knoxville
Reinke,Bicas
Kinsman,Sergiyev Posad
Browning,Shiniujiang
Hayes,Amangarh
Fulton,Cancela
Little Fleur,Bajomulyo
6th,Pakokku
Pepper Wood,Sośno
Thackeray,Himanka
Ridgeview,Vänersborg
Mosinee,Mascote
Texas,Khānaqāh
Sachs,Aengceleng
Columbus,Talghar
Harbort,Yambrasbamba
Cody,Aketi
Golf View,Montalvão
Sugar,Gontar
Superior,Pinsk
Dayton,Liure
Hudson,N'Djamena
Spaight,Almolonga
Summit,Altay
Melrose,Pingshanhu
7th,El Kef
Swallow,Bilyarsk
Mesta,Douane
Springview,San Andrés Xecul
Brown,Santo Antônio do Içá
Anthes,Toguchin
Summit,Chicago
Ridge Oak,Celje
Maple Wood,Malvas
Fair Oaks,Safi
Waywood,Néos Skopós
Hermina,Flic en Flac
Truax,Aeteke
Cherokee,De la Paz
Mallard,Matanzas
Hooker,Morshansk
Barby,Parychy
Grasskamp,Fundación
Onsgard,Luobei
Graceland,Petrovskiy
Roth,Jajar
Onsgard,Poá
Emmet,Barrie
Jana,Velikiy Ustyug
Luster,Yuanqian
Bayside,Estela
Merry,Homagama
Merrick,Costeira do Pirajubae
Pankratz,Miura
Dryden,Amu Gulang Baolige
Summerview,Pak Phli
Green,Causwagan
1st,Khomutovo
Mesta,Yangqiaodian
Hoffman,Niujiang
Jay,Keluke
Shoshone,Ban Haet
Golf Course,Bužim
Thompson,Sedlčany
Village Green,Rājbirāj
Vera,Namasuba
Crescent Oaks,Jingyang
Rieder,Quintão
Loomis,Namyang-dong
Loeprich,Itatinga
Mesta,Ropcha
Hoepker,Chixi
Mcguire,Temeke
Spaight,Hitachi-Naka
Roth,Herzliyya
5th,Strellc i Ulët
Nelson,Tieling
Pierstorff,Zaliznychne
Bultman,Dikirnis
Bashford,Cachipay
Mendota,Severka
Lerdahl,Rosario del Ingre
Pankratz,Leye
Hovde,Albany
Reinke,Ampera
Pankratz,Jiuhe
Holmberg,Kortowo
Algoma,Girihieum
Village Green,Novi Slankamen
Iowa,Knyaze-Volkonskoye
Sachtjen,Babakanlapang
Glendale,Kalá Déndra
Sutherland,Montes
Golf,Batanovtsi
Farwell,Waddān
Cascade,Amiens
Mesta,Tieshan
Bultman,Cicapar
Manitowish,Jumpangdua
Myrtle,Matsushima
Portage,Pyrgetós
Ronald Regan,Pavlovka
Vernon,Barotac Nuevo
Warner,Yangping
2nd,Katrineholm
Eagle Crest,Norrköping
Del Sol,Quốc Oai
Packers,Znomenka
Bunting,Phoenix
Kim,Acao
Westridge,Paris 08
Prairie Rose,Amarillo
Sycamore,Kakuda
Talmadge,Novo Aripuanã
Forest Dale,Senglea
Ryan,Oygon
Nancy,Maoshan
Rowland,Baoluan
Mariners Cove,Karpokhórion
Rigney,Murree
Lerdahl,Qianwei
Old Shore,Kihniö
David,Campamento
Summerview,Santo Tomé
Hansons,Akoupé
Debra,Dallas
Roth,Göteborg
Trailsway,Pamiątkowo
Gale,Angkup
Hollow Ridge,Cartagena
Saint Paul,General Luna
Carey,San Jose
Gerald,La Paz
Kensington,Velké Meziříčí
Linden,Ayotupas
Alpine,Mekarsari
Londonderry,Costeira do Pirajubae
Commercial,Malichang
Anderson,Kaišiadorys
Caliangt,Isla Verde
Morningstar,De la Paz
Eagan,Rumāh
John Wall,Linëvo
Shopko,Valašská Bystřice
Mallory,Buliok
Esch,Yuhuangding
Algoma,Gayam
Gerald,Guangshan Chengguanzhen
Hauk,Bankeryd
Goodland,Sayansk
Annamark,Gvardeysk
Ilene,San Isidro
Muir,Cariamanga
Buhler,Suocheng
Sugar,Erdaocha
Cambridge,Huyunxiang
Loeprich,Andamui
Logan,Pyshchug
Hoffman,Linares
Ruskin,Catabola
Valley Edge,Andong
Cody,Cigadung
Armistice,Cañuelas
Union,Fylí
Mitchell,Zhangjiafang
Wayridge,Donim
Judy,Longtian
American Ash,Jutrosin
Hintze,Rochester
Johnson,Kayar
Stuart,Sulūk
Elgar,New Panamao
Graceland,Lam Sonthi
Johnson,Tessalit
Trailsway,Mahalapye
Westport,São José dos Pinhais
Russell,Bilian
Fremont,Kedungtaman
Manitowish,Chaloem Phra Kiat
Helena,Inda Silasē
Shasta,Cigadog
Rowland,Siewierz
Dennis,Arujá
Eagle Crest,Na Klang
Fisk,Budapest
Linden,Reno
Artisan,Groningen
Fremont,Chenārān
Cherokee,Leitões
Waywood,Shifo
Debra,Briceni
Talmadge,Cinyawar
Shopko,Jiasi
Sommers,Acobamba
Harper,Fencheng
Katie,Palaiochóri
Quincy,Muurla
Karstens,Białołeka
Westridge,Kebonagung
6th,Dadap
Ryan,Bandhagen
Grover,Masaran
Evergreen,Temperak
Katie,Czarna Woda
Myrtle,Krajan Satu
Menomonie,Zhuxi
Michigan,Dasha
Iowa,Santa Teresa
Crest Line,Fanhu
Hermina,Chengdong
Main,Pasco
Fulton,Szolnok
New Castle,Hobo
Huxley,Ampasimanolotra
Ramsey,Nanlang
Swallow,Tabira
Oakridge,Hāla
Pond,Shuangfeng
Center,Nova Era
Mosinee,Thị Trấn Na Hang
Gale,Sanhui
Scott,Camajuaní
Gulseth,Bata Tengah
Golf,Santa Ana
Ridgeway,Ar Rujum
Glendale,Aiánteio
Service,Oras
Mitchell,Wenquan
Hoepker,Cholpon-Ata
Sunnyside,Kórnik
Golden Leaf,Panjakent
John Wall,Lindesberg
Ludington,Novobeysugskaya
Grayhawk,Puwa
Debra,Zhenkou
Spohn,Lunang
Florence,Shanghu
Bartillon,Tocumen
Mariners Cove,Ershilipu
Armistice,Tignoan
Lillian,Xincheng Chengguanzhen
Dunning,Nagqu
Monterey,Messejana
Tomscot,Contraalmirante Cordero
Tomscot,Grigiškės
Autumn Leaf,Gradačac
Portage,Zhonghouhe
Kim,Lages
Marquette,Pargas
Del Mar,Dioknisi
Raven,Opinogóra Górna
Brown,Tuzhai
Pine View,Sausa
Brentwood,Sanfins
Homewood,Sarāvān
Hanson,Novoukrainskiy
Mitchell,Pomacocha
Welch,Izingolweni
Oak,Suzano
Springview,Dugcal
Esch,Alenquer
Dunning,Itapecerica
Duke,Paragominas
Manitowish,Sinabang
Eastwood,Zheleznogorsk-Ilimskiy
Dahle,Cicapar
Esker,Kangasala
Sherman,Wodzisław Śląski
Caliangt,Ramos West
Hermina,Gaoping
Holy Cross,Zhagang
Buhler,Borås
Eastlawn,Kauhan
Heffernan,Yushu
Lien,Babiak
Old Gate,Siparia
Anzinger,Hezuoqiao
Golf Course,Modderfontein
Scoville,Flandes
Oak,Druzhny
Nevada,Hultsfred
Swallow,Chyšky
Fisk,Mbumi
1st,Baizhong
Farragut,Cipinang
Boyd,Xiaochengzi
Redwing,Nzega
Artisan,Tromsø
Northridge,Toshloq
Delaware,Ikot-Ekpene
Sommers,Lucaya
Delaware,Ingeniero Guillermo N. Juárez
Anhalt,Soloneshnoye
Spaight,Kansas City
Old Shore,Zouma
New Castle,Calceta
Pennsylvania,Guazhou
Glendale,Tahe
Grim,María la Baja
Glacier Hill,Mikró Monastíri
Karstens,Tvøroyri
West,Scottsdale
Blaine,Shenglilu
Butternut,Austin
American,Phan Thong
Commercial,Mollepampa
Anderson,Mangqu
Park Meadow,Jacksonville
Parkside,Novi Zagreb
Dwight,Gocoton
Jenifer,Rumoi
Meadow Valley,Welisara
Pond,Upper San Mateo
Hudson,Ceadîr-Lunga
Coolidge,Wunat
Truax,Arcueil
Towne,East Migpulao
Eggendart,Ílion
Anhalt,Bergerac
Spohn,Staryy Krym
Dunning,Bogatynia
Sullivan,Singkir
Fallview,Hajnówka
Charing Cross,Pavlivka
Elmside,Suren
Dixon,Wentang
Russell,Amuntai
Starling,Mojo
Bartelt,Vernon
Randy,Baton Rouge
Bonner,Luoyang
Ryan,Majāz al Bāb
Morrow,San Juan de Colón
Comanche,Lápas
Logan,Anastácio
Charing Cross,Limbaži
Hovde,Piñahan
High Crossing,Kan’onjichō
Tony,Chimoio
Grover,Khovaling
Cottonwood,Matagalpa
Spaight,Al Jahrā’
Sunbrook,Loei
Gina,Sipe Sipe
Rowland,Estreito Câmara de Lobos
Elka,Huangze
Karstens,Donggang
Hoard,Rubiataba
Atwood,Paraíso
Sundown,Milanów
Hintze,Huzhen
Debs,Cikarang
Pankratz,Usol’ye
Roth,Schiedam postbusnummers
Debra,Huaqiao
Vidon,Kato Pyrgos
Lindbergh,Beima
Rusk,Balitoc
Anniversary,Itatinga
Tennyson,Sassandra
Division,An Nāşirah
Logan,Gävle
Kings,Sarany
Bartillon,Priekule
Ronald Regan,Bueng Khong Long
Londonderry,Chãos
Jay,Andamui
Melby,Sukorambi
Commercial,Kraton
7th,Kasba Tadla
Susan,Pokrovskoye
Bultman,Zmeyskaya
Corscot,Ocoyo
Kennedy,Baixi
Elgar,Granada
Lawn,Mantes-la-Jolie
Nancy,Orosh
Memorial,Taiobeiras
Mcguire,Igarapé
Oakridge,Sandakan
Prentice,Tianzhuang
Annamark,Zhouxi
Anhalt,Nāḩiyat Alī ash Sharqī
Mcguire,Pulau Pinang
Bonner,Florencia
Canary,Bosanski Brod
Pankratz,Savannah
Golden Leaf,Carapelhos
Mosinee,Xifengshan
Shoshone,Calauan
Pierstorff,Italó
Fairfield,Pampachiri
Kenwood,Umanday Centro
Myrtle,Ravne na Koroškem
Linden,Geshan
Sugar,Seia
Troy,Oganlima
Express,Santo Tomas
Pepper Wood,Lembanah
Calypso,Kut Rang
Elka,Vanadjou
Meadow Ridge,Ol’ginka
Vernon,Santa Fe
Jay,Trŭn
Vidon,Thị Trấn Nguyên Bình
Beilfuss,Tandahimba
Oneill,Strängnäs
Graedel,La Cañada
Daystar,Helmsange
Fairfield,Banjar Bongangede
Dapin,Pinhal de Frades
Forest Dale,Los Ángeles
Sommers,Almaguer North
Norway Maple,Hongsi
Heffernan,Jingu
Kedzie,Doushaguan
Hauk,Shucheng Chengguanzhen
Kenwood,Cái Nhum
Stephen,Cali
Hansons,Huacaschuque
Memorial,Strängnäs
Elmside,São Francisco do Conde
Reindahl,Chajarí
Fulton,Hushan
Mallard,Chaínça
Oakridge,Pawłosiów
Waubesa,Bretaña
Anhalt,Neskaupstaður
Summerview,Lewograran
Stoughton,Nyköping
Annamark,North Bay
Lillian,Santander
Bultman,Tissa
4th,Klonowa
Green,Arasji
Ryan,Cuilco
Raven,Strelitsa
Blackbird,Simimbaan
Waxwing,Huanggang
Goodland,Knivsta
Pine View,Svalöv
Tomscot,Baghlān
Burning Wood,Chacarita
Packers,Kota Kinabalu
Cody,Batukuta
Del Sol,Lasek
Moose,Mascote
Springview,Tangkeng
Hagan,Ilama
Memorial,Roubaix
Autumn Leaf,Jām Sāhib
Tennyson,Hino
Dixon,Senanga
Fulton,Dingtou
Mitchell,Shilovo
Hoard,Yaviza
Kennedy,Río Tercero
Farragut,Richmond
Jenifer,Ängelholm
Kropf,Naivasha
Carpenter,Catriel
Springview,Andalan
Morrow,Marabahan
Stuart,Los Fresnos
Prairie Rose,Halimpu
La Follette,Maroanging
Sunbrook,Hoeyang
Darwin,Dami
Linden,Köpingsvik
Linden,Lembanah
Troy,Haozhai
Jackson,Omaruru
Saint Paul,Shamkhor
Elmside,Tibillo
Moland,Si Racha
Paget,Levuka
Loftsgordon,Windsor
Warrior,Llano Largo
Grover,Kishkenekol’
Oak Valley,Vizal San Pablo
Farmco,Al Manşūrah
Logan,Caridade
Debra,Rodniki
Beilfuss,Baofeng
Meadow Valley,Woippy
Carberry,Jingling
Canary,Caracal
Dorton,Shimen
Everett,Jinshiqiao
Hoepker,Huangze
Sheridan,Huafeng
Westend,Babakan Baru
Dunning,Mariestad
Canary,Saraktash
Emmet,Gemo
Beilfuss,Daxing
Evergreen,Talmest
Linden,Ra-ngae
Lakewood,Ganlin
Memorial,Katsuyama
Mayer,Dongbian
Duke,Qarah Bāgh
Bultman,Mülheim an der Ruhr
Mayfield,Oebai
Portage,Resapombo
Manley,Huangjindong
Darwin,Gayamsari
Bluejay,Harjamukti
American,Minle
Cascade,Parravak’ar
Eagle Crest,Pedra Furada
Luster,Norrköping
East,Huangludian
Vera,Schellenberg
Valley Edge,Banzão
Sage,Leninsk
Jay,Yonggu
Meadow Valley,Vimmerby
Lyons,Krasnosilka
Swallow,Chisong
High Crossing,Mibu
Vermont,Si Somdet
Melvin,Paris La Défense
Stuart,Besteiros
Bobwhite,Kotakan Selatan
Arapahoe,Nkhotakota
Prentice,Chunjiang
Red Cloud,Mozi
Rutledge,Kiuteta
Eastlawn,Boa Esperança
Sage,Joutsa
Laurel,Paratinga
Cascade,Jiazhi
Crowley,Xiaheqing
School,Bayshint
Sauthoff,Langford
Ridge Oak,Tostado
Pepper Wood,Piracicaba
Mallard,Landi Kotal
Larry,Ciudad Arce
Kings,Dārayyā
La Follette,Casal da Serra
Columbus,K’ulashi
Lyons,Barru
Roxbury,Ystad
Bobwhite,Ylöjärvi
Sommers,Sar Chakān
Scott,Bajiao
Lunder,Kishorganj
Doe Crossing,Chuanshan
Hanover,Kathu
Stoughton,Créteil
Chinook,Stutterheim
Fordem,Machinga
3rd,Zalanga
Scott,Chengzihe
Dahle,Shkodër
Lawn,Hanggan
Rusk,Rušanj
Carpenter,Neiguan
Dawn,Goshogawara
Utah,Podgornoye
Butternut,Villiers
Mesta,Gandra
Oriole,La Agustina
Brickson Park,Porirua
Main,Manuel Cavazos Lerma
Gale,Ortega
Holy Cross,Sumuragung
Scoville,Guanting
Prairie Rose,Nunsena
Hazelcrest,Alistráti
Esker,Qingxi
Stuart,Seririt
Almo,Narvacan
Debra,Kalahang
Monument,Kelin
6th,Yaguajay
Heffernan,Podedwórze
Roxbury,Leskovec pri Krškem
Bartelt,Puszczykowo
Bellgrove,Waimangura
Pearson,Saint-Marcellin
Jenna,Sukarama
Arkansas,Qingshan
Roth,Täby
Blue Bill Park,Wuqiao
Hanover,Cibaregbeg
Garrison,Bektemir
Forest Run,Maojiagang
Graedel,Parumaan
Pierstorff,Kyzylorda
Stone Corner,Albina
Summit,Sijihong
Scoville,Antequera
Lukken,Kimil’tey
Shopko,Sumberkrajan
Cottonwood,Empório
Beilfuss,Boulaide
Manitowish,Berlin
Larry,Seara
Daystar,Ciparay
Fairview,Kalapanunggal
Helena,Paris La Défense
Acker,Tayirove
Cardinal,Obudovac
Heath,Irkliyevskaya
Westridge,Kawaliwu
Larry,Kasreman Wetan
Warner,Werbkowice
Pierstorff,Yongjiahe
Lakewood,Luleå
Moland,Tartu
Sachtjen,Carolina
Comanche,Mislak
Dexter,Ridder
Monica,Wujiashan
Sutteridge,Amerta
Blue Bill Park,Bieliny
Elka,Yuhe
Dakota,Merida
Autumn Leaf,Conceição do Jacuípe
Arizona,Souto
Tomscot,Hrazdan
Meadow Valley,Azul
Amoth,Novosheshminsk
Sycamore,Winseler
Dayton,Ashtarak
Graceland,Manakara
Golf View,Horvati
Melvin,Kemiri
Texas,Batakte
Del Mar,Paris La Défense
Glendale,Dikwa
Cardinal,Budapest
Mariners Cove,Chenzui
Michigan,Tianxing
Rusk,Bošovice
Hovde,Nishor
Goodland,Czemierniki
Mcbride,Tarqūmyā
Clyde Gallagher,Dungloe
Transport,Yanqi
Logan,Jeziorany
Raven,Kiten
Kings,Matangpayang
Anniversary,Vårgårda
Helena,Baihe
Bowman,Valleymount
Sherman,Denton
Bashford,Medellín
Rutledge,Erniusuokou
Union,Belčišta
Texas,San Juan
Kedzie,Åkersberga
Stone Corner,Valencia
Sage,Na Kae
Michigan,Émpa
Mockingbird,Peliyagoda
Hansons,Punkalaidun
Rusk,Xicun
Stuart,Stavanger
Sachtjen,Bongbong
Thierer,Velizh
Crest Line,Kukoboy
Logan,Chlói
Kipling,Firavitoba
Eagle Crest,Qingyuan
Quincy,Al Minyā
Sugar,Haghartsin
Forest Run,Bayang
Reinke,Llano de Piedra
Tennyson,San Francisco
Kingsford,New Glasgow
Aberg,Birmingham
Armistice,Manlucahoc
Orin,Chanhe
Esker,Camajuaní
Union,Fukadale
Redwing,Burgos
Buena Vista,Plumbangan
Colorado,Suzuka
Moland,Marapanim
Sutteridge,Lascano
Ridgeview,Espera Feliz
Sunbrook,Podwilk
Rowland,Firavitoba
Alpine,Lago
Leroy,Šentilj v Slov. Goricah
Straubel,Goworowo
Tennessee,Taraz
Butterfield,Donglai
Scott,Taoyuan
Sugar,Malysheva
Hagan,Gryfów Śląski
Gulseth,Ljusdal
Anthes,Moville
International,Landivisiau
Starling,Chust Shahri
Moose,Wonosari
Porter,Longyearbyen
Declaration,Rumat Heib
Waubesa,Kramarzówka
Valley Edge,Ţāmiyah
Bobwhite,Markaz Mudhaykirah
Larry,Modakeke
Northridge,Alderetes
East,Pīshvā
Dakota,Bakungan
Lyons,Tsimlyansk
Forest Run,Bełsznica
Haas,Ipojuca
Brentwood,Jiangfang
Merry,Celeirós
Fuller,Zhongdeng
Ludington,Iwkowa
Dorton,Hoeyang
Badeau,Changshan
Commercial,Coratatal
Oneill,Bulupayung
Vahlen,Tuymazy
Ilene,Colonia Mauricio José Troche
Mandrake,Batujaran
Express,Paris 02
Kipling,Yaguachi Nuevo
Summerview,Dong’ao
Talmadge,Zabierzów
Muir,Yashan
Meadow Vale,Bairros
Gateway,Amparita
Everett,İsmayıllı
Debs,Corticeiro de Baixo
Quincy,El Zulia
