kino_ime,prigrizek_ime
Nevada,Compound - Mocha
Prentice,Sachet
7th,Pork - Bacon Cooked Slcd
Derek,"Wine - Magnotta, White"
Rieder,Tarragon - Fresh
Stone Corner,Table Cloth 62x114 White
Briar Crest,Chocolate - Milk
East,"Oregano - Dry, Rubbed"
Magdeline,Salt And Pepper Mix - Black
Northport,Dc Hikiage Hira Huba
Maywood,Cheese - Cottage Cheese
Sutteridge,"Carrots - Purple, Organic"
Boyd,Mackerel Whole Fresh
Dexter,Pork Loin Cutlets
Messerschmidt,Sage - Fresh
Hintze,Bread - Italian Roll With Herbs
Warrior,Sole - Iqf
Schiller,Cake - Sheet Strawberry
Lighthouse Bay,Pepper - Cubanelle
John Wall,Grapefruit - White
Stuart,"Juice - V8, Tomato"
Golf Course,Puff Pastry - Sheets
Shasta,Bread Cranberry Foccacia
Talisman,"Pasta - Penne Primavera, Single"
Sunbrook,Phyllo Dough
Forster,Squid U5 - Thailand
International,Onions - Spanish
Village,Puree - Raspberry
Roxbury,Ice Cream - Turtles Stick Bar
Hooker,Bread - Focaccia Quarter
Kropf,Soup Knorr Chili With Beans
Arapahoe,Tray - 12in Rnd Blk
Montana,Scrubbie - Scotchbrite Hand Pad
Quincy,Coriander - Seed
Autumn Leaf,Soho Lychee Liqueur
Lotheville,"Brandy - Orange, Mc Guiness"
Paget,Artichokes - Jerusalem
Chive,Chicken - Tenderloin
Sachtjen,Banana
Clarendon,Bread - 10 Grain
Anzinger,Truffle Cups - White Paper
American Ash,"Turkey - Breast, Smoked"
Blue Bill Park,Tomatoes - Orange
Stang,"Beans - Black Bean, Dry"
Hudson,Pork Loin Cutlets
Kings,Appetizer - Chicken Satay
Starling,Mince Meat - Filling
Beilfuss,Slt - Individual Portions
La Follette,Tray - 16in Rnd Blk
Nancy,Nacho Chips
Forest Dale,Crab Brie In Phyllo
Gina,Flour - Strong Pizza
Buhler,Table Cloth 90x90 White
Luster,"Halibut - Whole, Fresh"
Ryan,"Pepper - Paprika, Spanish"
Oak,Salmon - Fillets
Lunder,Flower - Commercial Bronze
Buhler,"Lemonade - Kiwi, 591 Ml"
Cordelia,Cookie Dough - Chunky
Roxbury,Breadfruit
Crowley,Pickle - Dill
Roth,Cinnamon - Stick
Eagan,Potatoes - Peeled
Esch,Water - Tonic
Anderson,"Bread - Bagels, Plain"
Dryden,Oil - Shortening - All - Purpose
Dwight,Juice - Apple Cider
Waubesa,Nantucket Pine Orangebanana
Declaration,Pear - Prickly
Susan,Pastry - Key Limepoppy Seed Tea
Delladonna,Chicken - Ground
Dovetail,Beef - Kobe Striploin
Manufacturers,Cleaner - Lime Away
Fair Oaks,Mustard - Pommery
Ohio,Dc - Sakura Fu
Blaine,Crab - Meat
Prentice,Beef - Eye Of Round
Roth,Tia Maria
Katie,Potatoes - Peeled
Hintze,Goat - Leg
Burrows,Butcher Twine 4r
Pearson,Pop - Club Soda Can
Raven,Table Cloth 54x72 Colour
Helena,Tea - Honey Green Tea
Crowley,"Veal - Brisket, Provimi, Bone - In"
Badeau,Wine - Port Late Bottled Vintage
Ludington,"Capon - Breast, Wing On"
Ohio,Gatorade - Cool Blue Raspberry
Swallow,Cocoa Feuilletine
Cascade,Soup - Boston Clam Chowder
Shoshone,Cheese - Comtomme
Hintze,Cheese - St. Paulin
Blaine,Chocolate - Dark Callets
Dixon,Sea Bass - Fillets
Village Green,Pork Loin Cutlets
Mcbride,Numi - Assorted Teas
Dorton,Hummus - Spread
Ramsey,Veal - Inside
Homewood,Apple - Macintosh
Pierstorff,"Rosemary - Primerba, Paste"
John Wall,Bar Mix - Lime
Orin,Coffee - Decaffeinato Coffee
Browning,Venison - Striploin
Sutteridge,Chocolate - Feathers
Ramsey,Muffin Puck Ww Carrot
Kipling,Rappini - Andy Boy
7th,Mushroom - Crimini
Miller,Orange - Tangerine
Bartelt,Pail For Lid 1537
Service,Shiratamako - Rice Flour
Northfield,"Turkey - Breast, Boneless Sk On"
Monica,Muffin Mix - Chocolate Chip
Kings,Soup Campbells Turkey Veg.
Southridge,Rolled Oats
Loeprich,"Oil - Food, Lacquer Spray"
Loomis,Olives - Morracan Dired
Dixon,Edible Flower - Mixed
Merchant,Energy Drink Red Bull
Golf,Plastic Arrow Stir Stick
Washington,Flour - Strong
Village Green,Capers - Pickled
Mosinee,Skirt - 24 Foot
Browning,Cheese - Cheddar With Claret
Moose,Irish Cream - Baileys
Brentwood,"Crab - Blue, Frozen"
Arkansas,Pasta - Ravioli
Meadow Valley,Pepper - Red Chili
Hermina,Ham - Cooked Italian
Moose,Herb Du Provence - Primerba
Green Ridge,Bread Ww Cluster
Lake View,Curry Powder Madras
Sundown,Pepper - Cayenne
Marcy,Apple - Fuji
Swallow,Godiva White Chocolate
Hudson,Bar Nature Valley
Arrowood,Snapple Raspberry Tea
Steensland,Phyllo Dough
Fisk,Cookie Dough - Chocolate Chip
Pennsylvania,Chicken - Ground
Sunnyside,Flour - Masa De Harina Mexican
Barby,Glove - Cutting
Forster,Tuna - Fresh
Comanche,Whmis Spray Bottle Graduated
Sheridan,Beef Flat Iron Steak
Northport,"Nut - Almond, Blanched, Ground"
Ridgeway,Gelatine Leaves - Bulk
School,Cheese - Wine
Loeprich,Oil - Sunflower
Johnson,Oxtail - Cut
Northland,Bacardi Mojito
High Crossing,Veal - Sweetbread
Summer Ridge,Lamb - Whole Head Off
Dixon,Juice - Lemon
Charing Cross,Soup - French Onion
Gina,Beans - Green
Tony,Water - Green Tea Refresher
Gateway,Lettuce - California Mix
Grasskamp,"Coke - Classic, 355 Ml"
Swallow,Soy Protein
Oxford,Sausage - Blood Pudding
Utah,Wine - Remy Pannier Rose
Kipling,"Mushroom - Shitake, Fresh"
High Crossing,Toamtoes 6x7 Select
Mallard,Wine - Chateau Bonnet
Dwight,Veal - Bones
Maple Wood,Squid Ink
Summit,Loquat
Karstens,"Club Soda - Schweppes, 355 Ml"
Carioca,Bread Crumbs - Japanese Style
Talmadge,Lamb - Bones
Bowman,Carbonated Water - Blackcherry
Bay,"Nut - Almond, Blanched, Sliced"
Di Loreto,Bread - Flat Bread
Kropf,Ice Cream Bar - Hagen Daz
Melrose,Pear - Packum
Reinke,Pike - Frozen Fillet
Emmet,Kale - Red
Sunbrook,Lettuce - Boston Bib - Organic
Drewry,"Cheese - Brie, Triple Creme"
Dapin,Spice - Pepper Portions
Buhler,Chocolate - Mi - Amere Semi
Shasta,Container - Foam Dixie 12 Oz
Susan,Coffee - Frthy Coffee Crisp
Walton,Squeeze Bottle
Washington,Lychee - Canned
Vidon,Longos - Chicken Cordon Bleu
Artisan,Creme De Cacao Mcguines
Sutherland,Chips Potato Swt Chilli Sour
Arrowood,"Jam - Raspberry,jar"
Hallows,Pants Custom Dry Clean
Paget,Pear - Packum
Longview,Wine - Ej Gallo Sierra Valley
Crescent Oaks,Wine - Sawmill Creek Autumn
Raven,"Roe - Lump Fish, Black"
Lindbergh,"Wine - Magnotta, White"
Mallory,"Wine - Sherry Dry Sack, William"
Annamark,"Vermouth - Sweet, Cinzano"
Spenser,Apricots - Dried
Carpenter,Pastrami
Brentwood,"Star Anise, Whole"
Bowman,Bacardi Raspberry
Mayer,Beer - Sleemans Cream Ale
Birchwood,Contreau
Susan,Cherries - Frozen
Aberg,Coffee - Frthy Coffee Crisp
Butterfield,Syrup - Monin - Blue Curacao
Green,Cup - Paper 10oz 92959
Tennyson,Truffle - Whole Black Peeled
Donald,Tea - Grapefruit Green Tea
Gina,Rice Wine - Aji Mirin
Cambridge,Sprouts - Bean
Aberg,Bread - Mini Hamburger Bun
Pleasure,Chocolate Bar - Reese Pieces
Graceland,Apples - Spartan
Anniversary,Steampan - Lid For Half Size
Tomscot,"Pail - 4l White, With Handle"
Straubel,Bread - Focaccia Quarter
Debs,Pork Casing
Shasta,Cheese - Gorgonzola
Rigney,"Basil - Primerba, Paste"
Talisman,Longos - Lasagna Beef
Sheridan,Duck - Breast
Texas,Appetizer - Assorted Box
Toban,Country Roll
Dovetail,"Nestea - Ice Tea, Diet"
American Ash,"Potatoes - Instant, Mashed"
Harbort,Apple - Northern Spy
Lotheville,"Nut - Walnut, Chopped"
Linden,Extract - Raspberry
Sullivan,Snails - Large Canned
Stuart,Wine - Charddonnay Errazuriz
Blackbird,"Nut - Walnut, Chopped"
Trailsway,Ostrich - Prime Cut
Crowley,Bacardi Breezer - Strawberry
Eliot,Extract - Lemon
Blaine,Wine - Balbach Riverside
Kenwood,"Beef - Tongue, Cooked"
Eagle Crest,Huck White Towels
Sycamore,Wine - Prem Select Charddonany
Hooker,Beans - Butter Lrg Lima
Eastlawn,Tea - Herbal I Love Lemon
Kipling,"Pepper - Paprika, Spanish"
Bunker Hill,"Juice - Clamato, 341 Ml"
Troy,Black Currants
Mccormick,Coffee Guatemala Dark
Bultman,Bread - Kimel Stick Poly
Dwight,Temperature Recording Station
Southridge,Glove - Cutting
Di Loreto,Bread - Pita
Bonner,Steam Pan Full Lid
Elka,Yams
Cottonwood,Wine - Rhine Riesling Wolf Blass
Redwing,"Pepper - Julienne, Frozen"
Transport,"Nut - Almond, Blanched, Whole"
Vermont,"Juice - Clam, 46 Oz"
South,Maple Syrup
Hayes,Chocolate Bar - Smarties
Lakewood,Soup - Campbells Broccoli
Milwaukee,Tofu - Soft
Union,Beef - Striploin Aa
Pleasure,Marzipan 50/50
Texas,Tea - Jasmin Green
Farmco,Black Currants
Upham,Longos - Burritos
Ridgeway,"Tortillas - Flour, 12"
Lindbergh,"Tea - Darjeeling, Azzura"
Caliangt,Tarragon - Fresh
Acker,Dip - Tapenade
Delladonna,"Nut - Almond, Blanched, Ground"
Esch,Wine - Tio Pepe Sherry Fino
Farmco,Coffee - Ristretto Coffee Capsule
Jackson,Chicken - Wieners
Dovetail,Vinegar - Balsamic
Ridgeway,Soup Campbells Beef With Veg
Novick,Tomatoes - Hot House
Monument,"Bread - White, Unsliced"
Pennsylvania,V8 Splash Strawberry Banana
Artisan,Squash - Pepper
Ridgeway,Glaze - Clear
Sunnyside,Lemons
Claremont,"Jam - Raspberry,jar"
Judy,Sobe - Green Tea
Veith,Yokaline
Waywood,Loquat
Manitowish,Cornstarch
Novick,"Soup - Knorr, Chicken Noodle"
Twin Pines,Cookie Dough - Chocolate Chip
Oneill,Boogies
Dawn,Stock - Fish
Gerald,Pastry - Trippleberry Muffin - Mini
Wayridge,Cookie Dough - Peanut Butter
Dixon,Table Cloth 54x54 White
Carpenter,Wine - Cotes Du Rhone
Hoard,Flour - All Purpose
Crescent Oaks,Pork - Caul Fat
Barnett,Energy Drink
Hooker,Tomato Paste
Emmet,"Beef - Bones, Marrow"
Sunbrook,Garbage Bags - Clear
Erie,Wine - Chablis J Moreau Et Fils
Eagle Crest,Bread - French Baquette
Rieder,Goat - Leg
Lotheville,"Iced Tea - Lemon, 460 Ml"
Northfield,Plums - Red
Monterey,Wine - Two Oceans Sauvignon
Cascade,Scallops - Live In Shell
Mifflin,Hand Towel
Bartelt,Napkin - Beverage 1 Ply
Portage,Dragon Fruit
Briar Crest,Garbag Bags - Black
Boyd,"Halibut - Whole, Fresh"
Anniversary,Magnotta Bel Paese Red
Columbus,Blueberries - Frozen
Park Meadow,"Lamb - Leg, Boneless"
Mayer,"Nut - Pistachio, Shelled"
Alpine,Onions - Cippolini
Artisan,White Fish - Filets
Pepper Wood,Cookie Dough - Double
Spaight,Yogurt - Plain
2nd,"Pepper - Paprika, Spanish"
Weeping Birch,Bread Foccacia Whole
Rigney,"7up Diet, 355 Ml"
Anthes,"Potatoes - Purple, Organic"
Bartelt,Cheese - Stilton
Texas,Island Oasis - Magarita Mix
Glacier Hill,Foam Dinner Plate
Ridgeview,Muffin - Mix - Bran And Maple 15l
Anniversary,Calypso - Lemonade
Montana,Salt - Seasoned
Grover,Star Fruit
Blue Bill Park,Bouillion - Fish
Gerald,"Chicken - Thigh, Bone In"
Arkansas,Cheese - St. Paulin
Shoshone,Oil - Peanut
Bowman,Bread - Multigrain
Manitowish,Yoghurt Tubes
West,Coffee Cup 12oz 5342cd
Shelley,Flour - Cake
Tennyson,V8 - Berry Blend
Blackbird,Gelatine Leaves - Envelopes
Eastlawn,Muskox - French Rack
Maple Wood,"Tea - Darjeeling, Azzura"
Stone Corner,"Apple - Delicious, Red"
Carey,Piping Jelly - All Colours
West,Butter - Unsalted
Burning Wood,Ice Cream - Chocolate
Ramsey,Blueberries
Kensington,"Bread - Pumpernickle, Rounds"
Oakridge,Instant Coffee
Blackbird,Cheese - Ricotta
Forest Dale,Sugar - Fine
Riverside,"Beef - Rib Roast, Capless"
Schmedeman,Sausage - Breakfast
Stone Corner,Tomato Puree
Mcbride,Chicken - Base
Northland,"Beef - Bones, Cut - Up"
Portage,Cream - 35%
Mitchell,Juice - Orange
Riverside,Basil - Seedlings Cookstown
Arrowood,Sauce Bbq Smokey
Manley,Pepper - Pablano
Iowa,Tray - 16in Rnd Blk
Forster,Juice - Lime
American Ash,"Asparagus - White, Fresh"
North,Tea - Black Currant
Thackeray,Energy Drink - Franks Original
East,Haggis
Bartelt,Beef - Top Butt Aaa
Bartelt,Wild Boar - Tenderloin
Knutson,"Coke - Classic, 355 Ml"
Bowman,"Wine - White, Ej"
Moulton,Flower - Commercial Bronze
Grasskamp,Pork - Back Ribs
Raven,"Wine - Red, Mosaic Zweigelt"
School,Wine - Ruffino Chianti
Ilene,Chocolate - Milk Coating
Schlimgen,Yoplait Drink
Sloan,Veal - Nuckle
Fieldstone,Bag Clear 10 Lb
School,Coffee Guatemala Dark
Namekagon,Wine - Crozes Hermitage E.
4th,Gloves - Goldtouch Disposable
Blaine,"Juice - Orange, 341 Ml"
Donald,Appetiser - Bought
Canary,Beer - Guiness
Towne,Bread Base - Italian
Southridge,Lobster - Base
Pine View,Muffin Batt - Blueberry Passion
Buhler,Broom - Push
Beilfuss,Tart - Raisin And Pecan
Gale,Chicken - Base
Spaight,True - Vue Containers
Hallows,Garam Marsala
Derek,"Water - Mineral, Natural"
Bunker Hill,Turnip - White
Logan,"Pineapple - Canned, Rings"
Mcbride,"Veal - Inside Round / Top, Lean"
Hazelcrest,Wiberg Super Cure
Reinke,"Lamb - Whole, Frozen"
Warrior,Cheese - Cottage Cheese
Jackson,Wonton Wrappers
8th,Peas Snow
Menomonie,Cheese - St. Andre
Kedzie,Sauce - Chili
Utah,Nut - Macadamia
Farwell,Cucumber - Pickling Ontario
Delaware,Cocoa Powder - Dutched
Westridge,"Mushroom - Enoki, Dry"
Merry,"Pepper - Black, Whole"
Corry,Vinegar - Rice
Scofield,Maintenance Removal Charge
Vera,Cranberries - Frozen
Spenser,"Beef - Ground, Extra Lean, Fresh"
Longview,Ham - Cooked Italian
Coolidge,Gatorade - Orange
Springs,Water - Spring 1.5lit
Spenser,Sage - Rubbed
Fordem,"Pork - Bacon, Double Smoked"
Karstens,"Turkey - Breast, Smoked"
Weeping Birch,Oil - Cooking Spray
Debra,Octopus
Hansons,Beans - Soya Bean
Monument,Pork Salted Bellies
Eagan,Stock - Fish
Scott,Glucose
Annamark,"Spoon - Soup, Plastic"
Dennis,Eggplant - Regular
Sauthoff,Cookies - Englishbay Oatmeal
Laurel,Chocolate - Semi Sweet
Eastwood,Longos - Chicken Cordon Bleu
Lien,Beer - Sleemans Cream Ale
Walton,V8 - Berry Blend
Park Meadow,"Beef - Kindney, Whole"
Shelley,Tuna - Sushi Grade
Forest Run,Cornflakes
Clemons,Muffin Chocolate Individual Wrap
Spohn,Dried Cherries
Packers,Salmon Atl.whole 8 - 10 Lb
Goodland,Bread - Pita
Green Ridge,Lamb - Bones
4th,Apple - Granny Smith
Schurz,"Juice - Tomato, 48 Oz"
Becker,Wine - Fume Blanc Fetzer
Grover,Tomato - Peeled Italian Canned
Glendale,Cloves - Whole
Crownhardt,Tamarillo
Hanson,Wine - Prem Select Charddonany
Bobwhite,"Pasta - Lasagne, Fresh"
Daystar,Nantucket - Pomegranate Pear
Grayhawk,Veal - Loin
Stephen,"Iced Tea - Lemon, 340ml"
Chive,Lemon Grass
Bay,Clam Nectar
Vernon,Flour - Strong
Hoepker,Chickhen - Chicken Phyllo
Gulseth,"Pasta - Cappellini, Dry"
Buell,Soup - Campbells Mushroom
Vidon,Oil - Coconut
Lakewood,"Beef - Outside, Round"
Vahlen,Soup Knorr Chili With Beans
Jana,Bread - French Baquette
Riverside,Lettuce - Treviso
Bartillon,Kumquat
Hagan,Water - Spring 1.5lit
Farmco,Appetiser - Bought
Red Cloud,"Soup - Canadian Pea, Dry Mix"
Claremont,"Stock - Beef, White"
Tony,Ice Cream Bar - Oreo Sandwich
Acker,Veal - Bones
Arrowood,Table Cloth 144x90 White
Miller,"Orange - Canned, Mandarin"
Donald,Muffin Mix - Oatmeal
Westridge,Squash - Butternut
Arapahoe,Coffee - Egg Nog Capuccino
Raven,Veal - Provimi Inside
Longview,Godiva White Chocolate
Novick,Strawberries - California
Dwight,Bread - Corn Muffaletta
Hansons,Apple - Granny Smith
Parkside,"Pasta - Shells, Medium, Dry"
Eagle Crest,"Tomatoes - Plum, Canned"
Prairie Rose,Fondant - Icing
Havey,"Doilies - 10, Paper"
Monica,"Nut - Peanut, Roasted"
Farragut,Ice Cream - Chocolate
Talmadge,Tea - Jasmin Green
Wayridge,Beef - Ground Lean Fresh
Northview,Soy Protein
Dayton,"Nut - Pine Nuts, Whole"
Sugar,Artichoke - Fresh
Hazelcrest,Juice - Ocean Spray Kiwi
Orin,Onion - Dried
Forest Run,Marjoram - Fresh
Vera,Tea - Herbal I Love Lemon
Mccormick,Ice Cream - Life Savers
Sage,Energy Drink - Franks Pineapple
Linden,Appetizer - Lobster Phyllo Roll
Di Loreto,Lemon Grass
Goodland,Initation Crab Meat
Troy,Sorrel - Fresh
Oriole,"Trout - Rainbow, Fresh"
Nevada,Coffee - French Vanilla Frothy
Monument,Broom And Brush Rack Black
Grasskamp,Sobe - Lizard Fuel
West,Bagel - Plain
Schiller,Pears - Bartlett
Gulseth,Bag - Regular Kraft 20 Lb
Mccormick,Stock - Fish
Eagan,Wine - Cave Springs Dry Riesling
Washington,"Gingerale - Schweppes, 355 Ml"
Superior,Catfish - Fillets
Waxwing,Octopus
Ilene,Apricots - Dried
Forster,Wine - Winzer Krems Gruner
Fair Oaks,Chips - Assorted
Holmberg,Cheese - Sheep Milk
Comanche,Cheese - Brick With Onion
Shopko,Basil - Fresh
Briar Crest,Beer - Tetleys
Burning Wood,Sausage - Chorizo
Golf,Roe - Flying Fish
Ridge Oak,Sun - Dried Tomatoes
Brown,"Apple - Delicious, Golden"
Almo,Oven Mitts 17 Inch
Mariners Cove,Container - Foam Dixie 12 Oz
Bunting,Oysters - Smoked
Donald,Temperature Recording Station
Blaine,"Napkin - Dinner, White"
Anzinger,Beef Ground Medium
Hermina,Bread Base - Toscano
7th,Energy Drink - Redbull 355ml
Norway Maple,Pie Filling - Pumpkin
Eastwood,Apple - Northern Spy
La Follette,Tea - Decaf Lipton
Delaware,Lid Coffee Cup 8oz Blk
West,Lettuce - Green Leaf
Canary,Sour Puss Raspberry
Manitowish,Wakami Seaweed
Mifflin,Wine - Gato Negro Cabernet
Holy Cross,Pork - Ground
Clemons,"Quail - Whole, Bone - In"
Mesta,Barramundi
Myrtle,"Wine - Red, Gamay Noir"
Butterfield,Sprouts - Brussel
Roth,Wine - Lamancha Do Crianza
Hazelcrest,Dried Apple
Northwestern,"Soup - Campbells, Minestrone"
Main,Shark - Loin
Northport,General Purpose Trigger
Tennyson,Chocolate Eclairs
Summit,"Soup - Knorr, Chicken Noodle"
Kim,Lychee - Canned
Village,Mcguinness - Blue Curacao
Sachs,Flour - Fast / Rapid
American Ash,Plasticspoonblack
Upham,Island Oasis - Sweet And Sour Mix
Sheridan,"Wine - White, Pinot Grigio"
Raven,Corn Syrup
Fallview,"Chestnuts - Whole,canned"
Burrows,"Garlic - Primerba, Paste"
Service,"Crab - Claws, 26 - 30"
La Follette,Juice - Mango
Comanche,Cod - Black Whole Fillet
Dayton,Wine - Chateau Bonnet
Elgar,Sole - Fillet
Jenifer,Cheese - Goat
Holmberg,Bread - Pita
Harper,Squid - U 5
Orin,Steampan Lid
6th,Flour - Strong Pizza
Sherman,Baking Powder
Hoffman,"Chicken - Breast, 5 - 7 Oz"
Crest Line,Jolt Cola - Electric Blue
Ridgeview,Taro Root
Bonner,Cheese - Valancey
Schurz,Soup - Campbells Beef Noodle
Coleman,"Wine - White, Ej"
Golf Course,Compound - Pear
Marcy,Sauce - Rosee
Brentwood,Lid - 0090 Clear
Caliangt,"Trout - Rainbow, Frozen"
Clemons,Sauce - Hoisin
Marcy,Mini - Vol Au Vents
Killdeer,Breakfast Quesadillas
Tomscot,Pears - Fiorelle
Ridgeview,Beef - Montreal Smoked Brisket
Hayes,Icecream Bar - Del Monte
Veith,Flour - Masa De Harina Mexican
Dennis,"Bread - Bagels, Plain"
Dryden,Pernod
Weeping Birch,Muffin - Bran Ind Wrpd
Melby,Rosemary - Dry
Brentwood,Sauce Tomato Pouch
Elmside,Carrots - Mini Red Organic
Di Loreto,Dried Cherries
Algoma,"Fish - Soup Base, Bouillon"
Michigan,"Tortillas - Flour, 8"
Magdeline,Dip - Tapenade
Acker,Spice - Peppercorn Melange
Stephen,"Beans - Kidney, Red Dry"
Fordem,"Doilies - 8, Paper"
Melrose,Vanilla Beans
Parkside,Red Cod Fillets - 225g
Center,Watercress
Myrtle,Sour Puss Raspberry
Havey,Mustard - Pommery
Red Cloud,Wine - Rosso Del Veronese Igt
Haas,Wine - Segura Viudas Aria Brut
Tennessee,Cookie Dough - Double
Farwell,Anisette - Mcguiness
Bellgrove,The Pop Shoppe Pinapple
Truax,Truffle Cups - Red
Rockefeller,"Pasta - Elbows, Macaroni, Dry"
Burrows,Strawberries
School,"Octopus - Baby, Cleaned"
Loeprich,Sole - Iqf
Montana,Pasta - Orecchiette
Prentice,Rye Special Old
Del Sol,Puree - Mocha
North,Dried Cranberries
Donald,Pepper - Red Bell
Debs,"Ecolab - Orange Frc, Cleaner"
Dunning,Vodka - Smirnoff
La Follette,Leeks - Large
Atwood,Bread - Kimel Stick Poly
Saint Paul,Bread - 10 Grain Parisian
Morning,Jam - Raspberry
Pennsylvania,"Chilli Paste, Ginger Garlic"
Pankratz,Chicken - Soup Base
Sommers,Cake Sheet Combo Party Pack
Sullivan,"Chicken - Leg, Fresh"
Mendota,Cheese - Wine
Caliangt,"Yogurt - Peach, 175 Gr"
Gulseth,Dish Towel
Superior,Chicken - Wieners
Dakota,Bread - Calabrese Baguette
Haas,"Sauce - Soya, Light"
Fairfield,Mussels - Frozen
Muir,Rice Wine - Aji Mirin
7th,Piping Jelly - All Colours
4th,Crackers - Water
Elmside,Pork - Suckling Pig
1st,Syrup - Pancake
Tennyson,Gatorade - Cool Blue Raspberry
Myrtle,Mini - Vol Au Vents
Cordelia,Cookies Oatmeal Raisin
Ronald Regan,Pie Filling - Cherry
Nova,"Wine - Magnotta - Red, Baco"
Cottonwood,"Champagne - Brights, Dry"
Tennessee,Spinach - Packaged
Katie,"Pasta - Lasagna Noodle, Frozen"
Wayridge,Pastry - Banana Tea Loaf
Mallory,General Purpose Trigger
Dryden,Ocean Spray - Kiwi Strawberry
Fair Oaks,Chinese Foods - Chicken Wing
Merchant,"Rum - Cream, Amarula"
Eggendart,Sage - Ground
Hauk,Bread Base - Toscano
Welch,"Soup - Campbells, Lentil"
Kinsman,"Beans - Long, Chinese"
Hallows,Huck Towels White
Veith,"Jam - Blackberry, 20 Ml Jar"
Marquette,Yogurt - Plain
Laurel,"Tabasco Sauce, 2 Oz"
Bartelt,Mousse - Mango
Del Sol,Chips - Doritos
Emmet,"Fish - Base, Bouillion"
Maple Wood,Sausage - Andouille
Surrey,Wine - Tribal Sauvignon
Cambridge,Truffle Paste
Randy,Pie Filling - Apple
Nevada,Mint - Fresh
Little Fleur,"Wine - White, Riesling, Semi - Dry"
Gerald,Cream - 10%
Cottonwood,"Sugar - Sweet N Low, Individual"
Commercial,Hinge W Undercut
Sundown,Table Cloth 144x90 White
Gale,Apple - Fuji
Corry,Tomatoes Tear Drop
Dottie,Greens Mustard
Oak,Pork - Inside
Fulton,Water - Spring 1.5lit
Upham,Syrup - Chocolate
Lotheville,Longos - Lasagna Veg
Menomonie,Sobe - Liz Blizz
Petterle,Kellogs All Bran Bars
Hudson,"Beans - Black Bean, Canned"
Hagan,Wine - Pinot Grigio Collavini
Everett,Sterno - Chafing Dish Fuel
Vermont,"Tart Shells - Savory, 4"
Bowman,Spice - Pepper Portions
Banding,"Chocolate - Milk, Callets"
Florence,"Seedlings - Buckwheat, Organic"
Pleasure,Pork - Ground
Oneill,"Cheese - Mozzarella, Shredded"
Welch,Salt - Sea
Quincy,Wine - Chateau Bonnet
Atwood,Syrup - Kahlua Chocolate
Bluejay,Plums - Red
Sherman,Energy Drink Red Bull
Fulton,Cheese - Comte
Cordelia,"Iced Tea - Lemon, 340ml"
Pine View,Turnip - Wax
Havey,Mustard - Seed
Fisk,Watercress
Di Loreto,Propel Sport Drink
Lien,"Pork - Tenderloin, Fresh"
Logan,Salmon Steak - Cohoe 6 Oz
Bultman,Cheese - Feta
Almo,"Nut - Pistachio, Shelled"
Darwin,Flavouring - Orange
Jackson,Tea - Green
Raven,Mayonnaise
Algoma,Bread - Pita
La Follette,"Soup - Knorr, French Onion"
Arizona,"Bread - Pullman, Sliced"
Hovde,Daves Island Stinger
Rockefeller,The Pop Shoppe Pinapple
Orin,"Pasta - Fusili, Dry"
Shelley,Ice Cream Bar - Oreo Cone
Cascade,Dikon
Green,"Marjoram - Dried, Rubbed"
Goodland,Beer - Molson Excel
Hovde,Beans - Butter Lrg Lima
North,Wine - White Cab Sauv.on
Kennedy,Longos - Grilled Salmon With Bbq
Center,Ice Cream - Strawberry
Cottonwood,Wine - Zinfandel Rosenblum
Marquette,"Soup - Canadian Pea, Dry Mix"
Red Cloud,Bread - English Muffin
Judy,"Wine - White, French Cross"
Raven,Milk - Condensed
Hollow Ridge,Sauce - Cranberry
Merrick,Sprouts - Alfalfa
Homewood,Flour - All Purpose
Summit,Wine - Fino Tio Pepe Gonzalez
Bartelt,Cheese - Gorgonzola
Nancy,Muffin - Carrot Individual Wrap
Melrose,Fennel - Seeds
Sachs,Veal - Nuckle
Hermina,"Wine - White, Chardonnay"
Bayside,Beer - Sleemans Honey Brown
Meadow Valley,Madeira
Sage,Salmon Steak - Cohoe 6 Oz
Holmberg,Salami - Genova
American,Squash - Pepper
Prairie Rose,Melon - Honey Dew
Porter,Pepper - Yellow Bell
Bonner,"Schnappes - Peach, Walkers"
Thompson,Nantucket Cranberry Juice
Elmside,Appetizer - Escargot Puff
Summerview,Beer - Tetleys
Utah,"Brownies - Two Bite, Chocolate"
Cardinal,Bread - Hot Dog Buns
Buell,Beef - Ox Tongue
Rieder,Bagelers - Cinn / Brown
Cody,Sauce - Marinara
Dwight,"Juice - Grape, White"
Drewry,Curry Paste - Madras
Washington,Pears - Bartlett
3rd,"Wine - Red, Marechal Foch"
Drewry,"Tart Shells - Sweet, 3"
Gateway,Container - Hngd Cll Blk 7x7x3
Graceland,Water - Green Tea Refresher
Merry,Sloe Gin - Mcguinness
Rowland,Energy Drink - Franks Pineapple
Dahle,Venison - Striploin
Birchwood,Scallops - 10/20
Walton,Wine - Rosso Toscano Igt
Saint Paul,Lettuce - Iceberg
Haas,"Doilies - 10, Paper"
Nova,Calypso - Pineapple Passion
Fuller,Sultanas
Evergreen,Wine - Zinfandel California 2002
Loomis,Cookies Almond Hazelnut
Canary,Arctic Char - Fillets
Carpenter,"Liners - Banana, Paper"
Kings,Squid Ink
Waubesa,Jagermeister
Hallows,Skirt - 24 Foot
Bobwhite,Beer - Mill St Organic
Scofield,"Wine - Red, Antinori Santa"
Anhalt,Beer - Sleeman Fine Porter
Shopko,"Wine - Saint - Bris 2002, Sauv"
Northridge,"Wine - Red, Black Opal Shiraz"
Donald,Peach - Fresh
Derek,"Bread - Roll, Soft White Round"
Nova,Paper Towel Touchless
Tomscot,Sauce - Vodka Blush
Dahle,Sword Pick Asst
Dryden,Shrimp - Black Tiger 8 - 12
Corben,"Basil - Dry, Rubbed"
Karstens,Cake - Night And Day Choclate
Pawling,Creme De Menthe Green
Park Meadow,Squeeze Bottle
Darwin,"Pork - Back, Long Cut, Boneless"
Jenifer,Flour - Semolina
Green Ridge,Sobe - Cranberry Grapefruit
Victoria,"Mushroom - Porcini, Dry"
Troy,Sugar - White Packet
Manufacturers,Langers - Cranberry Cocktail
Dapin,Straws - Cocktale
Lunder,Table Cloth 54x54 White
Lillian,"Juice - Tomato, 48 Oz"
Eastlawn,Wine - Two Oceans Sauvignon
Novick,Wine - Bouchard La Vignee Pinot
Duke,Oil - Coconut
Bowman,"Salmon - Atlantic, No Skin"
Warrior,Horseradish - Prepared
Granby,Sproutsmustard Cress
Hollow Ridge,Ginger - Pickled
Rieder,Ecolab - Balanced Fusion
Stoughton,Noodles - Steamed Chow Mein
Londonderry,Baking Powder
Grayhawk,Cabbage Roll
Westerfield,Cheese - Bakers Cream Cheese
Lakeland,Table Cloth 81x81 Colour
Bowman,Ecolab - Medallion
Daystar,Table Cloth 62x120 White
Harbort,Calvados - Boulard
Ohio,Snapple - Mango Maddness
Kensington,Beef Striploin Aaa
Ludington,Tahini Paste
Bayside,Rice - Sushi
Heath,Sultanas
Carey,"Mushroom - Chanterelle, Dry"
Eliot,Caviar - Salmon
Sundown,Flour - Strong Pizza
Goodland,Chocolate Bar - Reese Pieces
Oxford,Langers - Mango Nectar
Arkansas,Turkey Leg With Drum And Thigh
Hayes,Curry Paste - Madras
Northview,"Juice - Apple, 1.36l"
Glendale,Ginger - Pickled
Chive,Vinegar - Rice
6th,"Lamb - Leg, Boneless"
Bluestem,Sour Puss - Tangerine
Badeau,Flour - Whole Wheat
Canary,"Sugar - Brown, Individual"
Rowland,Onions - Red Pearl
Little Fleur,Longos - Penne With Pesto
Nobel,"Doilies - 12, Paper"
South,Plums - Red
Pennsylvania,Cloves - Ground
Kensington,Pheasants - Whole
Upham,Cheese - Comtomme
Express,Sole - Fillet
Charing Cross,Wine - Chianti Classica Docg
Sherman,Bag - Regular Kraft 20 Lb
Buena Vista,Cloves - Ground
Lien,Pork - Liver
Fuller,Gatorade - Xfactor Berry
Fuller,Lime Cordial - Roses
Colorado,Fenngreek Seed
Jay,Truffle Cups - Red
Brentwood,Ice Cream Bar - Oreo Sandwich
Laurel,Wine - Shiraz Wolf Blass Premium
Shasta,Cheese - Cheddarsliced
Donald,Bread - Wheat Baguette
Alpine,"Salmon - Smoked, Sliced"
Vermont,Pop - Club Soda Can
Schmedeman,Crab - Imitation Flakes
Glendale,Bread - Dark Rye
Nobel,Milk - 2% 250 Ml
Shopko,Fennel - Seeds
Dakota,Jameson Irish Whiskey
Old Shore,Lettuce - Baby Salad Greens
Holmberg,Foam Espresso Cup Plain White
Grim,"Mop Head - Cotton, 24 Oz"
Blaine,"Juice - Tomato, 10 Oz"
Golf,Muffin - Blueberry Individual
Darwin,Sobe - Orange Carrot
Derek,"Asparagus - White, Fresh"
Delladonna,Beer - Pilsner Urquell
Talmadge,Wakami Seaweed
Wayridge,Sour Puss Raspberry
Little Fleur,Chocolate - Milk Coating
Gale,Pork - Backfat
Mayer,Sauce - Chili
Thompson,Cheese - Cream Cheese
Carey,Dill Weed - Fresh
2nd,Vinegar - Sherry
Crownhardt,Milk - 2% 250 Ml
6th,Bread - Hamburger Buns
Starling,Okra
Logan,Potatoes - Mini Red
Maple Wood,Muffin Mix - Oatmeal
Dryden,Food Colouring - Green
Transport,Bread - Raisin Walnut Pull
Green,"Soup - Knorr, Chicken Noodle"
Clyde Gallagher,Pastry - French Mini Assorted
Surrey,Longos - Grilled Chicken With
Farragut,Wine - Sawmill Creek Autumn
Randy,Cookies - Englishbay Wht
Granby,Scotch - Queen Anne
Gina,"Vermacelli - Sprinkles, Assorted"
Brickson Park,Lettuce - Curly Endive
Loftsgordon,"Shrimp, Dried, Small / Lb"
Pleasure,Cabbage - Green
Muir,Butter - Pod
Mitchell,Sobe - Lizard Fuel
Eliot,Scrubbie - Scotchbrite Hand Pad
Harper,Jack Daniels
Clyde Gallagher,Veal - Bones
Maryland,Flour - Semolina
Fairview,Uniform Linen Charge
Killdeer,Petit Baguette
Fuller,Ginger - Pickled
Riverside,Lettuce - Arugula
Reinke,Flour - Chickpea
Forster,Cabbage - Nappa
Cottonwood,Fireball Whisky
Commercial,Table Cloth 90x90 White
Ilene,Tea - Decaf 1 Cup
Hallows,"Pasta - Orzo, Dry"
Lien,"Nestea - Ice Tea, Diet"
Vidon,Gingerale - Diet - Schweppes
Pierstorff,Bread Crumbs - Japanese Style
Southridge,Pastry - Plain Baked Croissant
Heffernan,Muffin - Mix - Creme Brule 15l
Hoffman,Coffee - Espresso
Fordem,Apple - Macintosh
Ruskin,Truffle Shells - White Chocolate
Marcy,"Wine - Red, Wolf Blass, Yellow"
Talisman,Sauce - Caesar Dressing
Straubel,Beer - Corona
Browning,Nantucket - Carrot Orange
Hooker,"Coconut - Shredded, Unsweet"
Moulton,Cookies - Fortune
Bonner,Cheese - Cream Cheese
Shopko,Limes
Fairfield,Cleaner - Pine Sol
New Castle,Red Pepper Paste
Cascade,Beer - Mill St Organic
Warbler,"Brocolinni - Gaylan, Chinese"
Farmco,Sobe - Liz Blizz
Ridgeway,Soup - Campbells - Tomato
Prentice,Melon - Cantaloupe
Parkside,Wine - Ej Gallo Sonoma
Summerview,Food Colouring - Red
Dahle,"Pork - Tenderloin, Frozen"
Comanche,Wine - Casablanca Valley
Quincy,Oil - Shortening - All - Purpose
Dahle,Pickerel - Fillets
Vernon,Coffee - Espresso
Arkansas,Salami - Genova
Kinsman,"Rum - Spiced, Captain Morgan"
Esch,Beef - Salted
Arrowood,"Soup - Campbells, Classic Chix"
Manitowish,Island Oasis - Sweet And Sour Mix
Merry,"Soup - Campbells, Classic Chix"
Summit,Cookies Oatmeal Raisin
Darwin,Kirsch - Schloss
Bayside,Galliano
Pond,"Lamb - Loin, Trimmed, Boneless"
Anthes,Gooseberry
Bluejay,Calvados - Boulard
Lake View,Sprouts - Brussel
Hoffman,Beef Wellington
Evergreen,"Mushroom - Oyster, Fresh"
David,Beef - Rib Eye Aaa
Carioca,Soho Lychee Liqueur
Stoughton,Corn Meal
Messerschmidt,"Nut - Pecan, Halves"
Annamark,Soup - Campbells Beef Stew
Debra,Bread - Frozen Basket Variety
West,Curry Paste - Madras
Morning,Trueblue - Blueberry 12x473ml
Kensington,"Soup - Campbells, Minestrone"
Nelson,Guava
Russell,Carbonated Water - Lemon Lime
Oak,Lid - 3oz Med Rec
Clove,Mix Pina Colada
Hazelcrest,Bacardi Mojito
Cascade,Pastry - Plain Baked Croissant
Marquette,Beets - Golden
Commercial,Crawfish
Hoard,Towel - Roll White
Summerview,Foil Cont Round
Towne,Juice - Prune
Colorado,Couscous
Bultman,Longos - Assorted Sandwich
Messerschmidt,Pear - Prickly
Southridge,"Mushroom - Shitake, Fresh"
Waubesa,Extract - Raspberry
Swallow,Oil - Sunflower
Columbus,Chicken Breast Wing On
Cody,"Star Anise, Whole"
Lighthouse Bay,"Beef - Chuck, Boneless"
Warrior,Ecolab - Hobart Washarm End Cap
Old Gate,Muskox - French Rack
Nova,"Sugar - Brown, Individual"
Welch,Sauce - Alfredo
Graceland,Extract Vanilla Pure
Prairieview,Bread - Corn Muffaleta Onion
Service,Beef Dry Aged Tenderloin Aaa
Dottie,Tea - Black Currant
Marcy,"Coconut - Shredded, Unsweet"
Di Loreto,Island Oasis - Sweet And Sour Mix
Upham,Red Currants
