ime,cena
Sauce - Hoisin,"€0,59"
Cheese - Augre Des Champs,"€1,36"
Miso Paste White,"€3,57"
Jagermeister,"€4,58"
"Wine - Niagara,vqa Reisling","€0,16"
Lettuce - Red Leaf,"€3,71"
Cheese - Grie Des Champ,"€4,17"
Fennel - Seeds,"€0,00"
Danishes - Mini Raspberry,"€4,84"
Bread - Petit Baguette,"€2,13"
Russian Prince,"€0,26"
Potatoes - Parissienne,"€3,85"
Pomegranates,"€4,11"
Cassis,"€2,41"
"Juice - Apple, 341 Ml","€3,23"
Bread Ww Cluster,"€1,62"
"Marsala - Sperone, Fine, D.o.c.","€0,22"
Cake - Box Window 10x10x2.5,"€3,29"
Cheese - Brick With Pepper,"€1,29"
Pepper - Jalapeno,"€0,55"
Bread - Bistro Sour,"€3,24"
Compound - Strawberry,"€0,90"
Sugar - Icing,"€3,50"
Wine - Fino Tio Pepe Gonzalez,"€2,75"
Oil - Margarine,"€1,68"
Cheese - Ricotta,"€1,69"
Grenadine,"€4,65"
Dome Lid Clear P92008h,"€1,93"
Island Oasis - Peach Daiquiri,"€3,14"
Wine - Maipo Valle Cabernet,"€4,61"
Oil - Coconut,"€4,13"
"Bread - White, Unsliced","€2,95"
Table Cloth 54x72 White,"€2,14"
Duck - Breast,"€3,58"
Wine - Piper Heidsieck Brut,"€2,08"
"Wine - White, Pinot Grigio","€3,24"
Evaporated Milk - Skim,"€0,20"
Soup Campbells,"€1,61"
"Shrimp, Dried, Small / Lb","€4,78"
Flour - Strong,"€4,17"
Cleaner - Comet,"€4,57"
Wine - Marlbourough Sauv Blanc,"€3,77"
Tomatoes Tear Drop,"€0,35"
Beef - Short Loin,"€0,83"
Icecream - Dstk Strw Chseck,"€3,04"
"Cheese - Mozzarella, Buffalo","€1,61"
Soup - French Onion,"€2,46"
Cheese - Roquefort Pappillon,"€3,67"
Tomato - Tricolor Cherry,"€4,84"
Wine - White Cab Sauv.on,"€4,46"
Muffin Puck Ww Carrot,"€3,50"
Truffle Paste,"€1,53"
Shrimp - Black Tiger 8 - 12,"€4,94"
Evaporated Milk - Skim,"€1,54"
Oven Mitts - 15 Inch,"€2,32"
"Cookies - Oreo, 4 Pack","€3,44"
"Wine - Harrow Estates, Vidal","€0,16"
Cookie Dough - Chunky,"€1,90"
Bread - Focaccia Quarter,"€2,13"
Tomato - Peeled Italian Canned,"€1,60"
"Juice - Cranberry, 341 Ml","€2,39"
Cookies - Englishbay Wht,"€3,36"
Lid Coffeecup 12oz D9542b,"€1,16"
"Mushroom - Oyster, Fresh","€1,17"
Beer - True North Lager,"€3,04"
Sesame Seed,"€3,24"
Melon - Cantaloupe,"€0,56"
Pork - Ground,"€1,53"
Coffee - Dark Roast,"€2,15"
"Schnappes - Peach, Walkers","€1,66"
"Juice - Pineapple, 341 Ml","€2,40"
"Red Snapper - Fillet, Skin On","€4,24"
Pastry - Trippleberry Muffin - Mini,"€3,38"
Bar Special K,"€4,60"
Cookie Trail Mix,"€0,70"
"Tortillas - Flour, 10","€3,96"
"Soup - Knorr, Ministrone","€0,51"
Cheese - Comte,"€0,60"
Bread - Sour Sticks With Onion,"€4,51"
Pear - Packum,"€4,74"
Chinese Foods - Chicken,"€4,80"
Cookie Dough - Peanut Butter,"€0,66"
Cheese - Gouda,"€1,88"
Cheese - Shred Cheddar / Mozza,"€2,67"
"Tomatoes - Diced, Canned","€3,69"
"Potatoes - Instant, Mashed","€4,72"
Shopper Bag - S - 4,"€3,18"
Tomatoes - Yellow Hot House,"€3,78"
"Chicken - Thigh, Bone In","€3,40"
"Beef - Kindney, Whole","€2,57"
"Sauce - Soya, Light","€4,34"
Jameson - Irish Whiskey,"€4,92"
Soupfoamcont12oz 112con,"€0,97"
Carbonated Water - Blackberry,"€4,61"
"Cherries - Maraschino,jar","€3,50"
Bacardi Mojito,"€1,71"
"Mushrooms - Black, Dried","€0,41"
Foam Cup 6 Oz,"€2,31"
Pork - Suckling Pig,"€3,49"
Chinese Foods - Pepper Beef,"€3,62"
Flour - Rye,"€1,08"
Anisette - Mcguiness,"€1,79"
Nougat - Paste / Cream,"€4,81"
Alize Sunset,"€0,60"
Juice - Cranberry 284ml,"€1,23"
Meldea Green Tea Liquor,"€0,08"
Food Colouring - Pink,"€4,63"
"Soup - Canadian Pea, Dry Mix","€0,61"
Hummus - Spread,"€2,07"
Curry Powder Madras,"€0,15"
Wine - Magnotta - Cab Franc,"€0,75"
"Bread - Pita, Mini","€0,41"
Syrup - Kahlua Chocolate,"€0,76"
Soup - Chicken And Wild Rice,"€2,40"
Fuji Apples,"€3,16"
Capers - Pickled,"€3,46"
Cheese - Brick With Pepper,"€3,91"
Cardamon Ground,"€1,63"
Mousse - Passion Fruit,"€4,06"
Lemon Balm - Fresh,"€2,66"
Gatorade - Orange,"€0,01"
"Veal - Insides, Grains","€4,58"
Bagel - 12 Grain Preslice,"€3,10"
Ice Cream Bar - Drumstick,"€4,76"
Pop - Club Soda Can,"€1,21"
Horseradish Root,"€2,23"
Long Island Ice Tea,"€3,54"
Juice - Orange 1.89l,"€4,92"
Oil - Margarine,"€4,98"
Wine - Redchard Merritt,"€0,79"
Sunflower Seed Raw,"€1,99"
Soupcontfoam16oz 116con,"€3,22"
Appetizer - Lobster Phyllo Roll,"€3,70"
"Beer - Alexander Kieths, Pale Ale","€1,71"
Bagel - Whole White Sesame,"€3,05"
Kellogs Special K Cereal,"€2,98"
Milk - Condensed,"€3,97"
"Mushroom - Shitake, Fresh","€3,11"
Wine - Delicato Merlot,"€0,70"
Wine - Muscadet Sur Lie,"€0,65"
Ice Cream - Super Sandwich,"€4,01"
Salad Dressing,"€3,63"
Bacardi Limon,"€3,18"
Foil Wrap,"€2,07"
"Chocolate - Pistoles, White","€2,37"
Chevril,"€0,32"
Onions - Spanish,"€0,43"
Cabbage Roll,"€4,01"
Cake Slab,"€4,74"
"Stock - Beef, White","€0,71"
Coffee - Dark Roast,"€0,00"
Salt - Table,"€3,26"
Plaintain,"€3,72"
Beer - True North Lager,"€4,85"
Jameson - Irish Whiskey,"€1,70"
Ice Cream Bar - Hageen Daz To,"€4,00"
Mix Pina Colada,"€3,65"
Latex Rubber Gloves Size 9,"€2,06"
Container - Clear 16 Oz,"€1,11"
"Cheese - Woolwich Goat, Log","€3,81"
Cheese - Grie Des Champ,"€4,22"
Squid Ink,"€0,97"
"Schnappes - Peach, Walkers","€4,89"
Chicken - Leg / Back Attach,"€1,25"
"Beans - Turtle, Black, Dry","€0,31"
Phyllo Dough,"€2,39"
Potatoes - Fingerling 4 Oz,"€0,72"
Chinese Foods - Cantonese,"€0,09"
Extract - Lemon,"€3,25"
Kellogs Special K Cereal,"€4,11"
White Fish - Filets,"€2,50"
Wine - Magnotta - Cab Sauv,"€0,74"
"Beans - Black Bean, Preserved","€3,65"
"Veal - Brisket, Provimi, Bone - In","€3,87"
Cheese - Camembert,"€4,39"
Turkey - Ground. Lean,"€3,96"
Coffee Decaf Colombian,"€3,66"
Sage - Fresh,"€3,32"
Coffee - Cafe Moreno,"€1,34"
Rice - Long Grain,"€1,87"
Pork - Suckling Pig,"€4,75"
Ecolab - Solid Fusion,"€4,70"
Milk - 2%,"€1,51"
"Salmon - Atlantic, Skin On","€1,43"
Ice Cream Bar - Oreo Cone,"€4,90"
Kirsch - Schloss,"€4,64"
Sugar - Fine,"€2,72"
"Flour - Buckwheat, Dark","€1,85"
Pectin,"€1,08"
Swordfish Loin Portions,"€4,27"
Bread - Pain Au Liat X12,"€0,97"
Sprouts - Corn,"€4,01"
Ginger - Pickled,"€0,29"
Apple - Fuji,"€0,39"
Soup Knorr Chili With Beans,"€2,30"
Halibut - Fletches,"€4,82"
Potatoes - Mini White 3 Oz,"€2,89"
Knife Plastic - White,"€1,03"
Coffee - Egg Nog Capuccino,"€2,87"
Wine - Spumante Bambino White,"€4,14"
Pizza Pizza Dough,"€4,91"
Beef - Diced,"€1,93"
The Pop Shoppe - Black Cherry,"€3,90"
Steamers White,"€4,61"
Wine - Jafflin Bourgongone,"€1,51"
Wine - Shiraz Wolf Blass Premium,"€3,78"
Cinnamon Rolls,"€1,91"
Meldea Green Tea Liquor,"€4,72"
Beans - French,"€4,38"
Wine - Magnotta - Belpaese,"€0,38"
Steam Pan Full Lid,"€1,47"
Maintenance Removal Charge,"€1,62"
Squid - U 5,"€2,31"
Quail - Jumbo Boneless,"€0,19"
Cookies - Englishbay Chochip,"€1,31"
Cheese Cloth No 100,"€2,98"
Easy Off Oven Cleaner,"€4,47"
Sobe - Tropical Energy,"€0,08"
Truffle Cups - Brown,"€3,52"
"Juice - Clam, 46 Oz","€0,19"
"Chicken - Thigh, Bone In","€0,97"
Pumpkin,"€3,99"
Turnip - Wax,"€4,53"
"Beef - Ground, Extra Lean, Fresh","€2,02"
Pork - Ham Hocks - Smoked,"€3,38"
Cheese - Mozzarella,"€0,64"
Muffin Mix - Blueberry,"€2,40"
Sugar - Splenda Sweetener,"€3,60"
Bread - Frozen Basket Variety,"€0,65"
Pepper - Cayenne,"€0,16"
Wine - Hardys Bankside Shiraz,"€1,40"
Carbonated Water - Raspberry,"€3,39"
Skirt - 24 Foot,"€3,36"
Veal - Leg,"€3,02"
"Nut - Hazelnut, Ground, Natural","€0,78"
"Napkin - Beverge, White 2 - Ply","€1,53"
"Flour - Corn, Fine","€3,00"
Banana,"€3,37"
Extract Vanilla Pure,"€3,49"
Magnotta - Bel Paese White,"€1,52"
Wine - Chateauneuf Du Pape,"€4,18"
Veal - Provimi Inside,"€0,19"
English Muffin,"€0,37"
Grapefruit - White,"€2,05"
Onion Powder,"€2,39"
Cup - Paper 10oz 92959,"€3,82"
Wine - Coteaux Du Tricastin Ac,"€0,94"
Juice - Orange,"€0,30"
"Nut - Almond, Blanched, Ground","€2,90"
Cheese - Mozzarella,"€3,50"
"Juice - Apple, 500 Ml","€1,31"
Beans - Fava Fresh,"€1,51"
"Pasta - Detalini, White, Fresh","€4,41"
Appetizer - Asian Shrimp Roll,"€0,46"
Wine - Prosecco Valdobienne,"€2,71"
Wine - Vidal Icewine Magnotta,"€3,47"
Horseradish Root,"€2,06"
Spring Roll Veg Mini,"€1,63"
Butter - Pod,"€3,21"
"Tomatoes - Vine Ripe, Red","€1,12"
"Lemonade - Island Tea, 591 Ml","€4,07"
Bread - Multigrain,"€2,12"
Bread - Bistro Sour,"€4,80"
"Hickory Smoke, Liquid","€0,89"
"Pork - Tenderloin, Frozen","€1,36"
"Lettuce - Mini Greens, Whole","€4,49"
Dates,"€0,17"
Lychee,"€4,14"
Godiva White Chocolate,"€3,41"
Yokaline,"€1,29"
Dried Cranberries,"€0,70"
"Lemonade - Black Cherry, 591 Ml","€4,05"
Cookies Oatmeal Raisin,"€1,36"
"Pail - 15l White, With Handle","€1,13"
Cheese - Parmigiano Reggiano,"€3,46"
Wine - Sicilia Igt Nero Avola,"€1,43"
Spice - Onion Powder Granulated,"€2,61"
"Soup - Canadian Pea, Dry Mix","€3,95"
"Tomatoes - Diced, Canned","€2,91"
"Sauce - Gravy, Au Jus, Mix","€2,69"
Cake - Night And Day Choclate,"€1,61"
Pastry - Plain Baked Croissant,"€2,61"
Ecolab - Solid Fusion,"€0,92"
Dikon,"€4,05"
"Apple - Delicious, Red","€3,02"
Beer - Creemore,"€3,06"
Veal - Bones,"€2,54"
Versatainer Nc - 9388,"€0,69"
Tofu - Soft,"€2,98"
Lamb - Ground,"€3,34"
Cookie Chocolate Chip With,"€0,87"
Munchies Honey Sweet Trail Mix,"€2,27"
Sauerkraut,"€4,07"
Wine - Ej Gallo Sonoma,"€1,74"
Carbonated Water - Orange,"€0,13"
Sun - Dried Tomatoes,"€1,72"
"Butter - Salted, Micro","€0,19"
Corn Kernels - Frozen,"€3,62"
Wine - Barossa Valley Estate,"€4,84"
Wonton Wrappers,"€0,46"
"Cod - Salted, Boneless","€3,27"
Wine - Ice Wine,"€2,30"
Asparagus - Mexican,"€2,81"
Pastry - Plain Baked Croissant,"€4,98"
Wine - Chardonnay South,"€3,16"
Walkers Special Old Whiskey,"€4,06"
Broom And Brush Rack Black,"€3,69"
"Lid - 10,12,16 Oz","€3,51"
Ecolab - Hobart Upr Prewash Arm,"€2,17"
Beef - Bresaola,"€4,23"
"Nut - Pistachio, Shelled","€4,96"
Juice - Mango,"€3,03"
"Appetizer - Spring Roll, Veg","€2,99"
Spic And Span All Purpose,"€0,40"
Chocolate - Semi Sweet,"€4,25"
Milk - 1%,"€4,87"
Sobe - Liz Blizz,"€3,93"
Brandy - Bar,"€3,22"
Soup - Campbellschix Stew,"€2,09"
"Ecolab - Orange Frc, Cleaner","€0,95"
"Lemonade - Kiwi, 591 Ml","€3,13"
"Marsala - Sperone, Fine, D.o.c.","€4,89"
Dish Towel,"€3,66"
"Nut - Chestnuts, Whole","€2,74"
Bread - Assorted Rolls,"€1,69"
Muskox - French Rack,"€2,55"
Oil - Canola,"€2,69"
Mountain Dew,"€3,99"
Arrowroot,"€2,44"
"Pork - Chop, Frenched","€3,97"
Juice - Orange 1.89l,"€3,41"
Sauce - Vodka Blush,"€4,19"
"Melon - Watermelon, Seedless","€3,31"
Dc - Sakura Fu,"€0,55"
Cheese Cloth No 60,"€4,38"
Radish - Pickled,"€2,57"
"Soup - Cream Of Broccoli, Dry","€1,03"
Haggis,"€3,12"
"Liners - Banana, Paper","€4,16"
Tuna - Bluefin,"€4,25"
Syrup - Monin - Passion Fruit,"€0,70"
Tomatoes - Hot House,"€2,80"
"Nut - Pecan, Pieces","€0,86"
Puree - Mango,"€1,32"
Lambcasing,"€2,96"
Lid - 16 Oz And 32 Oz,"€0,23"
Kellogs Special K Cereal,"€1,12"
Puree - Mocha,"€2,61"
Bread Crumbs - Japanese Style,"€3,35"
"Juice - Grapefruit, 341 Ml","€0,05"
Wine - Chardonnay Mondavi,"€4,36"
Cheese - Comte,"€0,60"
Caviar - Salmon,"€4,45"
Fenngreek Seed,"€1,31"
Tomato Puree,"€2,01"
Tea Leaves - Oolong,"€1,49"
Cake Slab,"€2,58"
Apple - Royal Gala,"€4,61"
Bread Base - Goodhearth,"€3,42"
Cheese - Cheddar With Claret,"€4,37"
"Pasta - Rotini, Dry","€1,85"
Wine - Sogrape Mateus Rose,"€4,17"
Jagermeister,"€3,25"
Edible Flower - Mixed,"€2,43"
Muffin - Mix - Bran And Maple 15l,"€2,00"
"Juice - V8, Tomato","€4,95"
The Pop Shoppe - Lime Rickey,"€4,18"
"Rum - White, Gg White","€1,85"
Soap - Pine Sol Floor Cleaner,"€3,75"
Calypso - Pineapple Passion,"€0,46"
Shrimp - Black Tiger 8 - 12,"€0,50"
Quail Eggs - Canned,"€1,72"
Rice - Brown,"€3,56"
Vinegar - Sherry,"€4,16"
Steel Wool,"€0,66"
Soap - Mr.clean Floor Soap,"€4,26"
"Onions - Dried, Chopped","€0,05"
"Olives - Black, Pitted","€0,23"
Beef - Cow Feet Split,"€3,30"
Lettuce - Boston Bib - Organic,"€0,58"
Wine - Montecillo Rioja Crianza,"€4,63"
Sugar - White Packet,"€0,32"
Cream Of Tartar,"€0,83"
"Wine - White, Colubia Cresh","€1,44"
Vector Energy Bar,"€4,54"
Corn Syrup,"€4,46"
Shrimp - Prawn,"€1,33"
Bread - Wheat Baguette,"€3,06"
Sage - Rubbed,"€4,51"
Dill Weed - Dry,"€4,24"
Vodka - Moskovskaya,"€2,33"
Five Alive Citrus,"€1,18"
"Syrup - Monin, Amaretta","€4,41"
Broom Handle,"€1,36"
Butter Ripple - Phillips,"€3,46"
Vinegar - Sherry,"€3,47"
Chicken Breast Wing On,"€3,29"
Carbonated Water - Cherry,"€1,58"
"Squash - Pattypan, Yellow","€3,42"
Cheese - Cheddar With Claret,"€1,57"
White Fish - Filets,"€2,09"
Eggplant Oriental,"€0,45"
"Tart Shells - Savory, 3","€0,64"
Cognac - Courvaisier,"€0,50"
Wine - Duboeuf Beaujolais,"€0,99"
Bread - Triangle White,"€1,49"
Wine - German Riesling,"€0,16"
Buffalo - Striploin,"€2,98"
Squash - Sunburst,"€2,70"
"Sugar - Sweet N Low, Individual","€4,22"
Green Scrubbie Pad H.duty,"€4,89"
Straws - Cocktale,"€4,56"
Daves Island Stinger,"€4,19"
Sauce - Vodka Blush,"€0,33"
Steam Pan Full Lid,"€3,02"
Wiberg Super Cure,"€2,65"
"Beef - Cooked, Corned","€2,59"
Cheese - Marble,"€0,18"
"Shrimp - 16/20, Iqf, Shell On","€2,72"
Bar Mix - Lemon,"€4,06"
"Pork - Bacon, Sliced","€2,54"
Beer - Mcauslan Apricot,"€3,56"
"Wine - White, Ej Gallo","€3,90"
Otomegusa Dashi Konbu,"€3,53"
Sprouts - Corn,"€0,18"
Bread Base - Toscano,"€2,98"
Wine - Zinfandel Rosenblum,"€0,36"
Wine - Fino Tio Pepe Gonzalez,"€3,91"
Liquid Aminios Acid - Braggs,"€2,06"
Pepper - Jalapeno,"€0,39"
Coffee Cup 16oz Foam,"€2,28"
Gingerale - Diet - Schweppes,"€0,27"
Wine - Rubyport,"€4,74"
Lidsoupcont Rp12dn,"€4,47"
"Bread - Sticks, Thin, Plain","€3,25"
Creme De Cacao Mcguines,"€2,89"
"Tendrils - Baby Pea, Organic","€0,93"
Anchovy Paste - 56 G Tube,"€0,47"
Wine - Manischewitz Concord,"€2,25"
Puree - Passion Fruit,"€1,40"
"Beef - Rib Roast, Cap On","€4,85"
Buttons,"€3,88"
Sauce - Hollandaise,"€4,66"
Fennel,"€4,60"
Honey - Lavender,"€2,02"
Pate Pans Yellow,"€3,51"
Mushroom - White Button,"€3,15"
Chips Potato Reg 43g,"€4,67"
"Sauce - Apple, Unsweetened","€2,18"
Rye Special Old,"€3,99"
Pepper - Cayenne,"€0,40"
Fennel - Seeds,"€0,95"
Roe - Flying Fish,"€3,27"
Browning Caramel Glace,"€3,99"
"Crab - Dungeness, Whole, live","€2,76"
"Oil - Olive, Extra Virgin","€4,50"
Garbage Bag - Clear,"€2,25"
Pastry - Carrot Muffin - Mini,"€3,15"
"Thyme - Lemon, Fresh","€0,63"
Garlic - Elephant,"€1,04"
Fond - Neutral,"€2,15"
Lid - 16 Oz And 32 Oz,"€2,76"
Soup Campbells Beef With Veg,"€3,39"
Mustard - Seed,"€4,27"
Pickles - Gherkins,"€2,72"
Bag - Clear 7 Lb,"€4,34"
Puree - Mango,"€3,96"
Wine - Cotes Du Rhone Parallele,"€2,28"
Dried Peach,"€4,64"
Soap - Mr.clean Floor Soap,"€2,45"
Tea - Herbal - 6 Asst,"€0,87"
Wine - Savigny - Les - Beaune,"€1,56"
Cheese Cheddar Processed,"€1,75"
Mustard - Pommery,"€2,22"
Bag Stand,"€4,61"
Fond - Neutral,"€1,06"
Bread - Triangle White,"€2,71"
Flavouring Vanilla Artificial,"€2,04"
"Pasta - Fettuccine, Dry","€3,45"
Wine - Ruffino Chianti,"€2,64"
Sauce - Hollandaise,"€3,37"
Sprouts - Baby Pea Tendrils,"€1,95"
Coffee Decaf Colombian,"€3,78"
"Chilli Paste, Hot Sambal Oelek","€3,51"
Pimento - Canned,"€3,48"
Apricots Fresh,"€0,24"
Chips - Miss Vickies,"€1,36"
Numi - Assorted Teas,"€1,86"
Chips - Assorted,"€1,96"
Wine - Saint Emilion Calvet,"€2,21"
Kellogs All Bran Bars,"€3,22"
Cheese - Parmesan Grated,"€3,47"
Sugar - Monocystal / Rock,"€3,39"
Chicken - Bones,"€1,27"
Soup - Chicken And Wild Rice,"€2,35"
"Lamb - Whole Head Off,nz","€1,70"
Apron,"€1,25"
Creme De Cacao Mcguines,"€4,66"
Wine - Magnotta - Bel Paese White,"€1,01"
Creme De Banane - Marie,"€4,85"
"Nut - Pine Nuts, Whole","€2,22"
"Salmon - Atlantic, Skin On","€0,54"
Spice - Pepper Portions,"€4,66"
Longos - Burritos,"€3,92"
Beef - Flank Steak,"€4,29"
"Wine - White, Ej","€0,99"
Appetizer - Shrimp Puff,"€1,49"
Pastry - Plain Baked Croissant,"€0,90"
Nori Sea Weed - Gold Label,"€1,22"
Venison - Striploin,"€3,37"
Onions - Cooking,"€2,38"
Raisin - Golden,"€1,86"
Flour - Chickpea,"€4,04"
"Yogurt - Banana, 175 Gr","€4,94"
Mangostein,"€0,85"
Capicola - Hot,"€4,82"
Versatainer Nc - 888,"€1,46"
"Fish - Soup Base, Bouillon","€1,61"
"Noodles - Cellophane, Thin","€2,19"
Cheese - Pied De Vents,"€1,50"
Yogurt - Plain,"€4,43"
Isomalt,"€4,04"
Rootbeer,"€2,43"
Ham - Proscuitto,"€1,65"
Chevere Logs,"€0,76"
Peach - Halves,"€4,73"
Pepper - Jalapeno,"€3,02"
"Schnappes - Peach, Walkers","€2,99"
Passion Fruit,"€4,22"
Sauerkraut,"€3,30"
"Lettuce - Mini Greens, Whole","€3,09"
"Pasta - Lasagna Noodle, Frozen","€1,38"
Sprouts - Peppercress,"€3,07"
"Nut - Cashews, Whole, Raw","€3,36"
Herb Du Provence - Primerba,"€3,75"
Appetizer - Shrimp Puff,"€1,46"
"Mushroom - Porcini, Dry","€2,44"
"Pineapple - Canned, Rings","€0,67"
"Tabasco Sauce, 2 Oz","€4,88"
Coffee - Espresso,"€3,87"
Compound - Raspberry,"€3,04"
Pork - Smoked Kassler,"€3,59"
Table Cloth 72x144 White,"€2,00"
Beets - Mini Golden,"€4,20"
Extract - Almond,"€3,09"
"Juice - Tomato, 48 Oz","€3,60"
Pizza Pizza Dough,"€4,84"
Snapple - Iced Tea Peach,"€2,05"
Ice Cream - Strawberry,"€4,76"
"Syrup - Monin, Swiss Choclate","€1,65"
Herb Du Provence - Primerba,"€3,33"
Tomato - Tricolor Cherry,"€0,17"
Table Cloth 90x90 White,"€2,74"
Onions - Red,"€0,09"
"Ranchero - Primerba, Paste","€1,75"
True - Vue Containers,"€0,54"
Wooden Mop Handle,"€3,73"
Salt And Pepper Mix - White,"€3,00"
"Water - Mineral, Carbonated","€1,56"
Lamb - Whole Head Off,"€4,42"
Coffee Caramel Biscotti,"€2,15"
Asparagus - Frozen,"€0,78"
Tea - Black Currant,"€3,69"
"Tortillas - Flour, 10","€2,85"
Apple - Royal Gala,"€1,60"
Puree - Pear,"€3,96"
"Turkey - Whole, Fresh","€1,52"
Bread Crumbs - Japanese Style,"€0,86"
Cookie Trail Mix,"€0,98"
Pan Grease,"€4,16"
Yucca,"€4,96"
Mint - Fresh,"€1,72"
Flax Seed,"€0,28"
Cinnamon - Ground,"€0,61"
Fish - Bones,"€1,23"
"Melon - Watermelon, Seedless","€1,21"
Beer - Creemore,"€3,99"
Black Currants,"€1,84"
Parsley - Fresh,"€4,22"
Glove - Cutting,"€1,44"
Halibut - Fletches,"€2,84"
Tia Maria,"€2,88"
Wine - Fume Blanc Fetzer,"€3,82"
Ham - Cooked Italian,"€2,20"
Extract - Almond,"€0,68"
Gatorade - Cool Blue Raspberry,"€1,94"
Cookies - Englishbay Chochip,"€1,67"
Water - Spring Water 500ml,"€1,97"
Veal - Bones,"€1,51"
Beef Flat Iron Steak,"€0,51"
Beets - Golden,"€0,97"
Vector Energy Bar,"€3,85"
Energy Drink - Franks Original,"€0,66"
Eggs - Extra Large,"€3,02"
Creme De Cacao Mcguines,"€2,21"
"Beans - Turtle, Black, Dry","€1,60"
Veal - Eye Of Round,"€0,01"
Milk - 2% 250 Ml,"€0,80"
Wine - Maipo Valle Cabernet,"€2,29"
"Cheese - Brie, Triple Creme","€4,04"
"Doilies - 8, Paper","€1,17"
"Yogurt - Peach, 175 Gr","€4,79"
"Cod - Salted, Boneless","€3,46"
Beef Tenderloin Aaa,"€4,52"
Curry Paste - Madras,"€1,01"
Wine - Magnotta - Cab Franc,"€1,07"
Lid - 0090 Clear,"€4,48"
Chicken Giblets,"€2,01"
Cheese - Augre Des Champs,"€0,21"
Fuji Apples,"€1,92"
Beer - Original Organic Lager,"€2,06"
"Fish - Soup Base, Bouillon","€0,61"
Beef - Sushi Flat Iron Steak,"€1,58"
Pastry - Apple Muffins - Mini,"€2,52"
Beer - Moosehead,"€0,73"
Dragon Fruit,"€3,32"
Olives - Kalamata,"€3,34"
Milk - 2%,"€3,56"
Soap - Hand Soap,"€3,00"
Chinese Foods - Cantonese,"€2,29"
Cinnamon Rolls,"€1,11"
"Water, Tap","€2,60"
"Syrup - Golden, Lyles","€1,82"
Tart - Pecan Butter Squares,"€1,70"
Juice - Apple Cider,"€3,27"
Breadfruit,"€3,63"
"Soup - French Onion, Dry","€0,97"
Wine - Saint Emilion Calvet,"€4,15"
Corn - Mini,"€4,94"
"Mushroom - Enoki, Fresh","€0,24"
"Nut - Walnut, Chopped","€0,16"
Foam Tray S2,"€4,31"
Wine - Red Oakridge Merlot,"€2,32"
Devonshire Cream,"€0,60"
Oil - Hazelnut,"€4,44"
Vol Au Vents,"€2,96"
Chicken - Livers,"€3,05"
"Wine - Red, Metus Rose","€1,56"
Muffin - Zero Transfat,"€2,46"
Crush - Cream Soda,"€3,39"
Carbonated Water - Wildberry,"€2,52"
Limes,"€4,40"
Tomato - Plum With Basil,"€0,11"
"Pasta - Orzo, Dry","€2,61"
Sea Bass - Whole,"€1,55"
Vinegar - Tarragon,"€1,52"
Gloves - Goldtouch Disposable,"€1,02"
Mudslide,"€4,94"
Beer - Mill St Organic,"€1,77"
"Nestea - Ice Tea, Diet","€2,39"
Towel Dispenser,"€1,46"
Wine - Cava Aria Estate Brut,"€1,34"
The Pop Shoppe - Root Beer,"€0,52"
Hersey Shakes,"€3,06"
Sprouts - Onion,"€1,08"
Bread Roll Foccacia,"€3,88"
Beef - Montreal Smoked Brisket,"€3,10"
"Veal - Round, Eye Of","€1,94"
"Carrots - Mini, Stem On","€4,46"
Olives - Stuffed,"€3,70"
Chocolate - Liqueur Cups With Foil,"€3,72"
"Wine - Red, Antinori Santa","€4,61"
"Juice - Orange, 341 Ml","€1,36"
Beer - Camerons Auburn,"€4,49"
Pea - Snow,"€0,90"
"Bread - Sticks, Thin, Plain","€0,05"
Celery,"€2,26"
Soy Protein,"€1,55"
Wonton Wrappers,"€2,09"
"Jam - Strawberry, 20 Ml Jar","€3,19"
Ezy Change Mophandle,"€4,02"
Beets - Golden,"€0,75"
Tandoori Curry Paste,"€4,83"
Lamb Rack Frenched Australian,"€1,79"
"Bread - Multigrain, Loaf","€0,28"
"Salmon - Smoked, Sliced","€0,06"
Cheese - Brick With Pepper,"€0,92"
Cookie - Oreo 100x2,"€3,60"
Butter Balls Salted,"€4,07"
"Pasta - Canelloni, Single Serve","€4,68"
Bag Stand,"€1,68"
Table Cloth 62x120 Colour,"€2,10"
Canadian Emmenthal,"€2,80"
Veal - Liver,"€1,95"
Rambutan,"€4,92"
Wine - Rubyport,"€3,04"
Ice Cream Bar - Hagen Daz,"€2,40"
"Juice - Apple, 341 Ml","€4,44"
Chocolate - White,"€3,55"
Mushroom - Portebello,"€4,29"
Wine - Sauvignon Blanc,"€3,09"
Table Cloth - 53x69 Colour,"€0,55"
Puff Pastry - Sheets,"€3,26"
Mini - Vol Au Vents,"€1,62"
Puree - Mocha,"€3,16"
Sobe - Lizard Fuel,"€0,25"
Energy Drink - Redbull 355ml,"€1,16"
Limes,"€4,35"
Salt And Pepper Mix - Black,"€1,07"
Muffin - Carrot Individual Wrap,"€0,71"
Pastry - Chocolate Chip Muffin,"€2,17"
Wine - Prosecco Valdobienne,"€3,51"
Appetizer - Seafood Assortment,"€4,56"
Daikon Radish,"€3,59"
Island Oasis - Strawberry,"€0,83"
Coffee - Cafe Moreno,"€1,89"
Wiberg Cure,"€1,14"
"Potatoes - Purple, Organic","€1,48"
"Beans - Fava, Canned","€0,44"
Muffin Mix - Lemon Cranberry,"€1,32"
Wine - Chianti Classico Riserva,"€4,12"
Tea - Black Currant,"€2,66"
Mayonnaise,"€3,10"
Appetiser - Bought,"€3,33"
"Pepper - Paprika, Hungarian","€4,42"
Wine - Pinot Noir Latour,"€2,59"
Swordfish Loin Portions,"€4,29"
Sprouts - Bean,"€0,55"
Soup Campbells Beef With Veg,"€1,78"
Island Oasis - Wildberry,"€0,21"
Hagen Daza - Dk Choocolate,"€3,62"
Cup - 4oz Translucent,"€3,63"
Cookie - Oatmeal,"€1,81"
Tea - Lemon Scented,"€1,75"
"Nut - Walnut, Pieces","€1,73"
Burger Veggie,"€1,17"
Lettuce - Romaine,"€2,14"
Compound - Pear,"€2,13"
Water - Aquafina Vitamin,"€3,74"
"Sprite, Diet - 355ml","€2,21"
Energy Drink - Franks Original,"€1,56"
Wine - Jaboulet Cotes Du Rhone,"€3,37"
Bread Bowl Plain,"€1,89"
Soup - Campbells Bean Medley,"€2,23"
Tart - Lemon,"€2,49"
Spice - Paprika,"€2,28"
Cranberry Foccacia,"€2,02"
"Wine - White, Pelee Island","€2,69"
Lettuce - Arugula,"€1,88"
"Pepper - Black, Whole","€0,72"
Shark - Loin,"€0,16"
"Cherries - Bing, Canned","€4,32"
Cookie Dough - Chocolate Chip,"€4,06"
Galliano,"€1,44"
Wiberg Super Cure,"€2,34"
Chocolate - Compound Coating,"€2,09"
Wine - White Cab Sauv.on,"€3,64"
Pastry - Baked Cinnamon Stick,"€2,26"
Eel - Smoked,"€3,10"
Ice Cream Bar - Oreo Sandwich,"€0,16"
"Capon - Breast, Double, Wing On","€2,38"
"Soup - Knorr, Country Bean","€4,71"
Brandy Apricot,"€4,18"
Jam - Raspberry,"€4,31"
Cheese - Augre Des Champs,"€4,01"
"Basil - Primerba, Paste","€0,19"
"Fish - Halibut, Cold Smoked","€4,72"
Cookies - Englishbay Oatmeal,"€4,67"
Table Cloth 54x72 Colour,"€4,36"
Lotus Rootlets - Canned,"€2,86"
Rappini - Andy Boy,"€1,81"
Ecolab - Power Fusion,"€1,05"
"Coconut - Creamed, Pure","€2,15"
Veal - Ground,"€0,59"
"Water - Mineral, Carbonated","€0,74"
Table Cloth 72x144 White,"€0,53"
Mushroom - White Button,"€0,57"
Shrimp - Black Tiger 26/30,"€2,85"
"Wine - White, Pinot Grigio","€4,23"
"Bread - Rolls, Rye","€0,84"
Wine - Sicilia Igt Nero Avola,"€4,77"
Cup - 4oz Translucent,"€1,86"
"Juice - Tomato, 48 Oz","€3,62"
Wine - Pinot Grigio Collavini,"€1,06"
"Tart Shells - Savory, 3","€1,28"
Capon - Whole,"€0,47"
Vinegar - Champagne,"€1,75"
Boogies,"€3,70"
Mussels - Cultivated,"€4,15"
Soup - Campbells Beef Strogonoff,"€0,67"
Milkettes - 2%,"€0,48"
Ice Cream - Fudge Bars,"€2,84"
"Iced Tea - Lemon, 340ml","€2,65"
Wine - Cotes Du Rhone Parallele,"€1,86"
Flour - Bread,"€0,31"
"Crush - Grape, 355 Ml","€2,80"
Food Colouring - Blue,"€0,42"
Tamarillo,"€4,08"
Appetizer - Southwestern,"€4,28"
Sage - Ground,"€3,90"
"Nut - Pistachio, Shelled","€0,94"
Curry Powder,"€0,60"
Cabbage Roll,"€0,68"
Beer - Guiness,"€4,48"
Potatoes - Yukon Gold 5 Oz,"€2,48"
"Rum - Coconut, Malibu","€2,53"
Devonshire Cream,"€4,51"
Wine - Toasted Head,"€1,60"
"Bread - Multigrain, Loaf","€1,05"
Carbonated Water - Strawberry,"€2,40"
"Water, Tap","€1,92"
Cheese - Cream Cheese,"€0,08"
"Beans - Turtle, Black, Dry","€1,32"
Aspic - Amber,"€1,72"
"Vodka - Hot, Lnferno","€3,69"
Bread - Frozen Basket Variety,"€3,97"
Pumpkin,"€4,72"
Sole - Fillet,"€1,95"
Soap - Hand Soap,"€2,33"
Pepper - Cayenne,"€1,91"
"Turkey - Breast, Boneless Sk On","€2,12"
Butter Ripple - Phillips,"€1,33"
Salt - Celery,"€4,84"
"Bread - Bagels, Mini","€3,83"
Foil Cont Round,"€3,12"
Pie Filling - Apple,"€0,61"
"Sugar - Brown, Individual","€0,12"
Pepper - Red Thai,"€0,92"
Chocolate - Milk Coating,"€2,24"
Quail - Jumbo,"€4,15"
Dish Towel,"€2,76"
"Veal - Shank, Pieces","€2,88"
"Pepsi, 355 Ml","€4,63"
Coconut Milk - Unsweetened,"€4,22"
Yeast Dry - Fleischman,"€1,67"
Appetiser - Bought,"€4,61"
Vinegar - Red Wine,"€4,79"
Pepperoni Slices,"€2,90"
"Crab - Claws, Snow 16 - 24","€2,08"
Lighter - Bbq,"€3,62"
Cheese - Parmesan Grated,"€0,31"
Wine - Magnotta - Cab Franc,"€1,44"
Skirt - 29 Foot,"€0,41"
Compound - Pear,"€4,24"
Remy Red Berry Infusion,"€0,09"
"Shrimp, Dried, Small / Lb","€4,87"
Wine - Touraine Azay - Le - Rideau,"€0,63"
"Club Soda - Schweppes, 355 Ml","€0,43"
"Trout - Rainbow, Frozen","€4,61"
Danishes - Mini Cheese,"€1,01"
"Vermacelli - Sprinkles, Assorted","€1,60"
"Nut - Walnut, Pieces","€0,16"
Soup - Campbells - Chicken Noodle,"€3,39"
Zucchini - Green,"€3,94"
Olive - Spread Tapenade,"€3,66"
Wine - Ruffino Chianti Classico,"€0,40"
"Marjoram - Dried, Rubbed","€1,74"
Tumeric,"€1,10"
Dasheen,"€0,39"
Juice - Orangina,"€2,72"
"Lid - Translucent, 3.5 And 6 Oz","€4,78"
"Wine - Red, Metus Rose","€0,86"
Bag - Regular Kraft 20 Lb,"€1,06"
Cod - Black Whole Fillet,"€0,26"
"Fish - Atlantic Salmon, Cold","€1,55"
"Pepper - Red, Finger Hot","€4,21"
Baking Soda,"€1,24"
Sole - Fillet,"€3,95"
Tahini Paste,"€4,94"
Cognac - Courvaisier,"€1,46"
Lamb - Loin Chops,"€0,11"
Chicken Thigh - Bone Out,"€0,00"
Lid - 3oz Med Rec,"€4,23"
Wine - Valpolicella Masi,"€4,13"
Spinach - Baby,"€4,49"
Cleaner - Bleach,"€1,87"
Cheese Cloth,"€3,80"
Truffle Shells - Semi - Sweet,"€0,84"
Cocktail Napkin Blue,"€0,27"
Cheese - Bakers Cream Cheese,"€0,04"
Veal - Eye Of Round,"€0,21"
Lettuce - Red Leaf,"€3,99"
Milkettes - 2%,"€2,56"
Bread - Rosemary Focaccia,"€4,24"
Pastry - Cheese Baked Scones,"€0,80"
Arizona - Plum Green Tea,"€3,02"
"Loaf Pan - 2 Lb, Foil","€4,89"
"Rum - White, Gg White","€1,35"
Cod - Fillets,"€3,49"
Buffalo - Short Rib Fresh,"€3,71"
Crush - Cream Soda,"€0,69"
Puree - Blackcurrant,"€4,58"
Wine - Trimbach Pinot Blanc,"€4,91"
"Soup - Campbells, Minestrone","€2,74"
Wine - Chenin Blanc K.w.v.,"€4,30"
Soup Bowl Clear 8oz92008,"€0,31"
Piping Jelly - All Colours,"€2,69"
Bread - Wheat Baguette,"€2,17"
Apple - Macintosh,"€0,33"
Cornstarch,"€4,91"
Yucca,"€3,39"
Sausage - Liver,"€3,83"
Butcher Twine 4r,"€0,79"
Vinegar - White Wine,"€4,49"
Spic And Span All Purpose,"€2,48"
Vanilla Beans,"€1,85"
Mussels - Cultivated,"€4,19"
Pepper - Gypsy Pepper,"€4,25"
Wakami Seaweed,"€2,96"
Pork - Backs - Boneless,"€4,77"
Bagel - Sesame Seed Presliced,"€2,42"
Salmon Steak - Cohoe 6 Oz,"€0,79"
Milkettes - 2%,"€4,30"
Blueberries - Frozen,"€3,45"
Ginsing - Fresh,"€2,39"
Cheese - Ricotta,"€2,95"
Sobe - Liz Blizz,"€4,66"
Steel Wool S.o.s,"€1,49"
Flavouring - Rum,"€3,92"
Chocolate - Dark Callets,"€1,40"
"Cookies - Oreo, 4 Pack","€3,01"
Pasta - Canelloni,"€3,83"
"Juice - Grapefruit, 341 Ml","€4,26"
Magnotta - Bel Paese White,"€1,01"
"Asparagus - White, Canned","€4,21"
Wine - Jackson Triggs Okonagan,"€2,50"
"Rum - Cream, Amarula","€3,27"
Lobak,"€1,48"
Bagel - Everything,"€4,34"
Marzipan 50/50,"€4,87"
Pie Shell - 5,"€3,36"
Pepper - Chilli Seeds Mild,"€1,21"
Parasol Pick Stir Stick,"€0,76"
Sauce - Alfredo,"€1,97"
Ecolab - Solid Fusion,"€2,12"
Container - Foam Dixie 12 Oz,"€3,38"
Rice - 7 Grain Blend,"€3,60"
Tomato Puree,"€1,83"
Bar Energy Chocchip,"€4,72"
"Shrimp - 16 - 20 Cooked, Peeled","€1,58"
Soup - Campbells Chicken,"€1,48"
Butter - Unsalted,"€2,58"
Sobe - Green Tea,"€0,02"
Chickensplit Half,"€4,36"
Beef - Shank,"€2,97"
Sherry - Dry,"€1,58"
Sponge Cake Mix - Chocolate,"€1,52"
Tea - Honey Green Tea,"€0,78"
"Lentils - Red, Dry","€3,60"
Napkin - Beverage 1 Ply,"€1,99"
Pepper - Gypsy Pepper,"€1,98"
Wine - Chardonnay South,"€2,68"
"Oil - Truffle, White","€4,09"
"Orange - Canned, Mandarin","€0,36"
"Cheese - Woolwich Goat, Log","€3,81"
Veal - Knuckle,"€4,93"
Oneshot Automatic Soap System,"€2,59"
Pear - Packum,"€3,46"
Veal - Provimi Inside,"€0,54"
"Sauce - Soya, Light","€1,33"
Chicken Giblets,"€4,74"
Waffle Stix,"€0,65"
Appetizer - Veg Assortment,"€2,91"
Carbonated Water - Cherry,"€4,97"
"Pork - Ham, Virginia","€3,70"
Brandy - Bar,"€2,57"
Tea - Decaf 1 Cup,"€3,46"
"Mushroom - Enoki, Fresh","€3,60"
Daves Island Stinger,"€2,50"
Container Clear 8 Oz,"€4,40"
Cardamon Ground,"€0,77"
Kaffir Lime Leaves,"€4,94"
Cheese Cloth No 60,"€0,33"
"Nut - Pine Nuts, Whole","€1,33"
Horseradish - Prepared,"€2,73"
Truffle - Whole Black Peeled,"€4,98"
Apricots Fresh,"€3,36"
Jicama,"€4,05"
Scallops - U - 10,"€2,69"
Salmon Steak - Cohoe 6 Oz,"€4,05"
Ice Cream - Chocolate,"€1,23"
Salmon Atl.whole 8 - 10 Lb,"€1,25"
Butter Ripple - Phillips,"€2,63"
Soup - Campbells,"€0,02"
Vinegar - Cider,"€0,52"
Duck - Whole,"€3,28"
Wine - Zinfandel California 2002,"€4,95"
Lobster - Tail 6 Oz,"€3,91"
"Pasta - Fett Alfredo, Single Serve","€0,55"
Beans - Soya Bean,"€3,33"
Beef Striploin Aaa,"€5,00"
Russian Prince,"€0,75"
Cheese - Sheep Milk,"€2,23"
Muffin - Carrot Individual Wrap,"€4,11"
Cheese - Comte,"€1,28"
Wine - Pinot Noir Pond Haddock,"€2,12"
Clam - Cherrystone,"€2,99"
"Bread - Rolls, Corn","€1,07"
Ice Cream Bar - Hageen Daz To,"€0,18"
Oranges,"€4,82"
Wine - Balbach Riverside,"€3,81"
"Carrots - Mini, Stem On","€3,83"
"Wine - White, Schroder And Schyl","€3,38"
Puree - Kiwi,"€4,63"
"Soup - Knorr, Country Bean","€0,12"
Mushroom - White Button,"€4,62"
Compound - Raspberry,"€2,60"
Glaze - Apricot,"€0,34"
Mayonnaise,"€1,26"
Crab - Imitation Flakes,"€3,99"
