cas,tehnologija,film_id,kino_id
3:55 PM,2d,1,ecollingworth0@army.mil
1:47 AM,2d,2,aburchill1@msn.com
6:16 AM,3d,3,snazaret2@mapy.cz
1:39 PM,3d,4,atorricella3@omniture.com
7:16 PM,2d,5,cronchetti4@yellowbook.com
4:17 AM,2d,6,dpflieger5@issuu.com
2:20 PM,2d,7,jeasterling6@alexa.com
4:31 PM,3d,8,mferraraccio7@baidu.com
1:15 PM,3d,9,amalitrott8@google.nl
4:13 PM,2d,10,bgarmans9@fotki.com
5:28 PM,3d,11,emaeera@ycombinator.com
1:15 AM,3d,12,egiffordb@sogou.com
1:13 AM,2d,13,tcolicotc@unicef.org
7:21 PM,2d,14,psteinord@ted.com
7:11 PM,2d,15,onasebye@hud.gov
4:51 PM,2d,16,deastbyf@mediafire.com
5:23 AM,3d,17,cdalessandrog@xing.com
10:24 PM,2d,18,bsagrotth@mozilla.org
3:37 AM,3d,19,emeynelli@mail.ru
4:27 AM,2d,20,pleckenbyj@github.com
2:18 PM,3d,21,abulpittk@cornell.edu
3:43 PM,2d,22,cgodbyl@drupal.org
3:47 AM,2d,23,bshatfordm@baidu.com
11:24 AM,3d,24,bgresern@theglobeandmail.com
8:58 AM,2d,25,srubertellio@xrea.com
12:58 AM,2d,26,cgodmarp@linkedin.com
4:26 AM,3d,27,lstoddartq@apple.com
5:50 PM,2d,28,kpischofr@digg.com
6:32 AM,3d,29,emynotts@ezinearticles.com
5:16 PM,3d,30,cmoncarrt@auda.org.au
11:10 AM,3d,31,sabrahamsonu@topsy.com
11:16 PM,2d,32,aparrv@craigslist.org
7:19 PM,2d,33,bmacdearmaidw@shop-pro.jp
3:12 PM,3d,34,avongrollmannx@telegraph.co.uk
9:14 AM,3d,35,curryy@nyu.edu
10:01 PM,2d,36,grotherforthz@patch.com
1:33 AM,3d,37,ecanadine10@msn.com
11:11 AM,2d,38,gyegorkov11@quantcast.com
6:34 AM,3d,39,nhanham12@businesswire.com
1:30 AM,3d,40,apinnell13@google.ca
7:21 PM,2d,41,nkilliam14@ca.gov
8:40 AM,2d,42,ljessett15@baidu.com
8:28 AM,2d,43,hwellings16@php.net
1:44 PM,2d,44,jpilling17@nytimes.com
4:25 PM,3d,45,gandresser18@drupal.org
3:27 PM,2d,46,fseyffert19@cbsnews.com
6:20 AM,2d,47,ncapelow1a@addtoany.com
11:39 PM,2d,48,atruluck1b@state.gov
5:27 PM,3d,49,zducarme1c@google.pl
12:04 AM,3d,50,mmorritt1d@sciencedaily.com
8:21 AM,2d,51,ckitcher1e@jigsy.com
12:28 PM,2d,52,smacgaughy1f@pagesperso-orange.fr
10:31 AM,3d,53,rruffler1g@craigslist.org
11:10 AM,2d,54,vchable1h@topsy.com
4:04 PM,2d,55,smedland1i@tamu.edu
5:15 AM,3d,56,egier1j@icio.us
1:41 AM,3d,57,mcrudgington1k@usgs.gov
2:39 AM,2d,58,tyakobovicz1l@prlog.org
11:22 PM,2d,59,krupel1m@qq.com
5:51 PM,2d,60,adodgson1n@google.com.br
1:01 PM,2d,61,qduncklee1o@apache.org
2:44 PM,2d,62,jalyoshin1p@wikimedia.org
8:48 AM,2d,63,jwatsham1q@edublogs.org
8:20 AM,3d,64,lmarcum1r@soundcloud.com
5:30 PM,3d,65,mcoslett1s@geocities.jp
7:40 PM,3d,66,pquincee1t@nymag.com
7:30 PM,2d,67,rscandwright1u@samsung.com
5:08 PM,3d,68,ctorra1v@github.io
5:37 AM,2d,69,fstobie1w@blogspot.com
11:12 PM,3d,70,dstadden1x@slashdot.org
10:06 AM,2d,71,jwiddup1y@constantcontact.com
12:41 AM,2d,72,twestcott1z@ibm.com
9:45 AM,2d,73,cfroschauer20@phpbb.com
1:56 AM,3d,74,rskase21@sogou.com
6:47 AM,2d,75,dhrishchenko22@weebly.com
11:21 PM,2d,76,dollet23@nhs.uk
8:50 PM,3d,77,skinnin24@biblegateway.com
9:53 AM,2d,78,aallcott25@lulu.com
6:20 PM,2d,79,rhebbs26@sourceforge.net
12:15 PM,3d,80,nlawlan27@msn.com
9:41 PM,3d,81,twittering28@weebly.com
4:09 AM,2d,82,aduffit29@howstuffworks.com
7:50 AM,3d,83,eguiduzzi2a@taobao.com
3:02 PM,2d,84,gitskovitz2b@answers.com
11:51 AM,3d,85,aflucker2c@dot.gov
3:19 AM,2d,86,gbarge2d@phpbb.com
11:30 PM,2d,87,ofrandsen2e@cnbc.com
9:51 AM,3d,88,lbaudone2f@tinyurl.com
9:59 PM,2d,89,bmalec2g@so-net.ne.jp
1:49 PM,3d,90,lkeesman2h@bloglines.com
12:32 PM,2d,91,uedis2i@yahoo.com
3:43 AM,3d,92,pmeasen2j@adobe.com
2:54 PM,2d,93,vdeely2k@gmpg.org
8:11 AM,3d,94,mwadlow2l@clickbank.net
1:51 PM,3d,95,aradolf2m@jigsy.com
8:18 AM,2d,96,wstanworth2n@admin.ch
12:52 PM,3d,97,skeaysell2o@twitpic.com
11:43 PM,3d,98,vdettmar2p@printfriendly.com
7:41 AM,3d,99,mcowoppe2q@ucoz.com
3:10 PM,2d,100,foneil2r@ning.com
11:49 AM,2d,101,droelvink2s@census.gov
4:38 PM,2d,102,opryn2t@chron.com
9:21 PM,2d,103,evandenbroek2u@google.ca
12:18 PM,3d,104,ttrundle2v@vistaprint.com
4:56 AM,3d,105,rvalentelli2w@zdnet.com
8:43 AM,2d,106,sdarbishire2x@gravatar.com
5:46 PM,3d,107,dguillerman2y@washington.edu
9:05 AM,2d,108,orive2z@netvibes.com
8:24 PM,2d,109,dlynthal30@nhs.uk
4:41 AM,2d,110,ddyball31@wired.com
5:11 AM,3d,111,mthorsen32@seesaa.net
8:59 PM,2d,112,idetheridge33@alibaba.com
1:00 PM,3d,113,dbonwick34@bravesites.com
10:25 PM,2d,114,bmacgiollapheadair35@g.co
9:30 PM,3d,115,pellicock36@oracle.com
10:38 AM,3d,116,acalwell37@answers.com
11:15 AM,3d,117,gclaffey38@house.gov
8:32 AM,3d,118,bdunsmuir39@howstuffworks.com
5:52 PM,2d,119,ctrunby3a@berkeley.edu
8:19 PM,3d,120,tcrewdson3b@newyorker.com
8:57 PM,3d,121,tknappitt3c@mozilla.com
7:34 AM,2d,122,awaggatt3d@yolasite.com
9:52 PM,2d,123,kferreira3e@cpanel.net
9:47 AM,3d,124,jbuckberry3f@myspace.com
4:10 PM,3d,125,csharrier3g@bloglovin.com
2:02 AM,3d,126,ctodman3h@nih.gov
6:59 AM,2d,127,bygou3i@bloglines.com
7:46 PM,2d,128,mbolzen3j@reference.com
8:31 AM,3d,129,bcongram3k@yelp.com
9:11 AM,3d,130,ecram3l@ihg.com
2:39 PM,3d,131,ewhyborne3m@liveinternet.ru
4:51 AM,3d,132,truffle3n@amazon.com
10:54 AM,2d,133,kfreeland3o@apache.org
7:35 AM,3d,134,awhalebelly3p@nba.com
4:41 PM,2d,135,agosswell3q@pen.io
7:52 AM,2d,136,cladell3r@ted.com
11:38 PM,2d,137,ggartell3s@psu.edu
1:51 PM,3d,138,pronisch3t@angelfire.com
1:14 AM,3d,139,dsmogur3u@tiny.cc
2:47 AM,2d,140,gmcculley3v@wunderground.com
8:46 AM,3d,141,aettritch3w@istockphoto.com
7:50 AM,2d,142,cclougher3x@bluehost.com
4:04 AM,3d,143,ekitchin3y@furl.net
8:38 PM,2d,144,jadiscot3z@google.co.uk
7:29 PM,3d,145,kcronchey40@google.it
4:29 PM,2d,146,sdominik41@canalblog.com
12:39 AM,3d,147,kvedenichev42@google.co.jp
2:13 AM,2d,148,mchazotte43@xrea.com
7:28 PM,2d,149,pgiffard44@latimes.com
7:45 PM,2d,150,bgeleman45@latimes.com
12:53 AM,2d,151,ppittel46@patch.com
3:14 AM,3d,152,lmcskin47@cnn.com
6:28 PM,3d,153,cmckeney48@furl.net
10:33 PM,2d,154,bemmines49@smugmug.com
4:33 PM,3d,155,pbaudic4a@photobucket.com
5:12 AM,2d,156,sjarley4b@facebook.com
4:46 PM,3d,157,tattack4c@netvibes.com
10:27 AM,3d,158,mgummory4d@blogtalkradio.com
4:08 AM,2d,159,nmcmanus4e@topsy.com
1:28 PM,2d,160,tbenian4f@baidu.com
7:40 PM,3d,161,mskull4g@intel.com
9:40 AM,3d,162,roscanlan4h@soup.io
11:04 AM,2d,163,jjessett4i@sakura.ne.jp
10:42 PM,2d,164,lcoveny4j@youtu.be
11:49 AM,3d,165,csproule4k@quantcast.com
5:22 PM,3d,166,zzipsell4l@live.com
12:49 PM,2d,167,brylatt4m@cbslocal.com
6:00 AM,3d,168,pabelovitz4n@weibo.com
3:56 AM,2d,169,mbonsul4o@mysql.com
2:52 AM,2d,170,vmungham4p@liveinternet.ru
2:24 PM,2d,171,jgrey4q@usa.gov
3:08 AM,3d,172,hfretter4r@amazonaws.com
6:10 AM,3d,173,cheinritz4s@msu.edu
8:18 AM,2d,174,elewsam4t@auda.org.au
1:16 AM,3d,175,gdirocca4u@ft.com
5:26 PM,3d,176,rmcgee4v@un.org
10:56 PM,2d,177,lgates4w@jiathis.com
11:10 AM,3d,178,mdegregoli4x@networksolutions.com
1:28 AM,3d,179,mhaith4y@senate.gov
9:48 AM,3d,180,skleinsmuntz4z@facebook.com
12:57 PM,3d,181,omcnamara50@bloglines.com
5:00 AM,3d,182,kraccio51@joomla.org
9:59 PM,2d,183,chavock52@stanford.edu
4:13 AM,3d,184,sjacquemy53@mediafire.com
12:44 PM,2d,185,jdeath54@webs.com
3:43 AM,3d,186,dbrech55@4shared.com
7:29 PM,3d,187,bstartin56@alexa.com
3:10 AM,2d,188,asexty57@tinypic.com
5:32 AM,3d,189,mjagiela58@psu.edu
10:36 AM,3d,190,jkilliam59@thetimes.co.uk
2:01 AM,2d,191,sheinemann5a@unesco.org
2:53 AM,3d,192,tbubbins5b@tinyurl.com
10:57 PM,3d,193,ojaffrey5c@cargocollective.com
5:29 PM,3d,194,moultram5d@geocities.jp
10:29 PM,3d,195,dlatch5e@addtoany.com
5:11 PM,2d,196,gbettis5f@chicagotribune.com
5:08 PM,3d,197,iloch5g@omniture.com
10:25 PM,2d,198,dpedycan5h@time.com
4:46 PM,2d,199,dpiotrkowski5i@loc.gov
8:30 PM,2d,200,lrumney5j@livejournal.com
3:39 AM,3d,201,ghurburt5k@canalblog.com
4:08 PM,2d,202,lrowan5l@list-manage.com
5:52 PM,3d,203,tcraven5m@hostgator.com
3:19 PM,3d,204,agoodwell5n@sina.com.cn
5:45 AM,3d,205,dbetjes5o@berkeley.edu
5:37 PM,2d,206,hemloch5p@umich.edu
11:09 PM,2d,207,mleach5q@nsw.gov.au
8:38 AM,2d,208,mvangiffen5r@mit.edu
11:50 AM,2d,209,jvala5s@4shared.com
6:03 AM,2d,210,wwisby5t@github.com
2:36 PM,3d,211,ccrutcher5u@reverbnation.com
7:01 PM,2d,212,vjoppich5v@imgur.com
10:33 PM,2d,213,webbings5w@unesco.org
1:50 AM,2d,214,bklazenga5x@cnet.com
1:19 PM,2d,215,dnern5y@howstuffworks.com
7:53 AM,2d,216,rmackett5z@ameblo.jp
8:09 AM,3d,217,ayashin60@g.co
4:45 PM,3d,218,zpolamontayne61@sciencedaily.com
7:08 AM,2d,219,khonatsch62@bandcamp.com
7:48 PM,2d,220,wslatford63@flickr.com
7:37 PM,3d,221,umckeurtan64@thetimes.co.uk
9:35 PM,3d,222,hmclarty65@google.pl
10:09 PM,2d,223,alardner66@salon.com
4:42 AM,3d,224,rbeauly67@techcrunch.com
12:03 PM,3d,225,cjaskiewicz68@shutterfly.com
2:49 PM,3d,226,fmcnulty69@webeden.co.uk
4:36 PM,2d,227,evittle6a@about.me
3:40 AM,3d,228,cdoig6b@goo.gl
7:01 AM,2d,229,mgrady6c@bloglines.com
9:46 AM,2d,230,gcleminson6d@noaa.gov
11:22 AM,2d,231,jhofton6e@newsvine.com
5:41 PM,2d,232,tmcfadin6f@goodreads.com
12:52 PM,3d,233,dpartridge6g@taobao.com
6:14 AM,2d,234,lmorrieson6h@google.com
8:13 AM,2d,235,rsturmey6i@deliciousdays.com
2:36 PM,3d,236,wnerger6j@unesco.org
4:57 PM,3d,237,chofton6k@jigsy.com
4:46 PM,2d,238,obeadell6l@china.com.cn
6:07 AM,3d,239,lgowrich6m@cpanel.net
4:13 PM,2d,240,jguyan6n@ucoz.com
7:12 PM,2d,241,knardrup6o@opensource.org
9:59 PM,3d,242,frumbold6p@reverbnation.com
5:39 PM,2d,243,sbudgen6q@webeden.co.uk
6:15 AM,2d,244,dwareing6r@seesaa.net
4:11 AM,3d,245,bwilton6s@nih.gov
10:34 PM,3d,246,asmedmore6t@cbc.ca
5:17 PM,3d,247,hjahns6u@examiner.com
8:59 AM,3d,248,nmacnalley6v@elpais.com
12:15 PM,3d,249,pkenson6w@51.la
12:30 PM,3d,250,jmerriott6x@ft.com
6:43 AM,2d,251,sfesby6y@gizmodo.com
3:49 AM,3d,252,mhustler6z@home.pl
3:14 AM,3d,253,beckels70@about.me
11:22 AM,2d,254,wclaughton71@deviantart.com
4:36 AM,3d,255,bmaccafferty72@slashdot.org
10:46 AM,2d,256,cdallison73@apache.org
3:45 AM,3d,257,jcampana74@tiny.cc
8:39 PM,3d,258,nsawley75@epa.gov
5:57 PM,2d,259,rstrasse76@symantec.com
4:15 AM,2d,260,jlangtree77@oracle.com
3:52 AM,3d,261,cgiacomo78@sogou.com
1:20 PM,2d,262,wommundsen79@naver.com
1:10 PM,2d,263,xledwich7a@europa.eu
4:48 AM,3d,264,hbysh7b@baidu.com
7:31 AM,3d,265,lvasic7c@nps.gov
6:16 PM,2d,266,chayselden7d@exblog.jp
9:30 AM,3d,267,csawrey7e@artisteer.com
1:56 AM,2d,268,dyuill7f@google.pl
1:48 PM,2d,269,hbut7g@census.gov
5:38 AM,3d,270,kdellcasa7h@home.pl
6:57 AM,2d,271,nhanks7i@usgs.gov
9:41 AM,3d,272,eargente7j@mail.ru
7:43 AM,3d,273,kpays7k@gnu.org
12:42 PM,3d,274,mlautie7l@exblog.jp
5:37 PM,3d,275,cilyushkin7m@google.com
5:39 PM,3d,276,gkimbrey7n@mysql.com
3:56 AM,3d,277,pfarans7o@addtoany.com
9:37 AM,3d,278,eadrienne7p@etsy.com
9:14 PM,2d,279,bsurmeir7q@hubpages.com
12:06 PM,2d,280,rwalcar7r@hubpages.com
12:48 PM,2d,281,jsteward7s@naver.com
6:15 AM,3d,282,abrayley7t@ted.com
5:24 PM,3d,283,bradborne7u@wiley.com
7:14 PM,2d,284,yriddock7v@ezinearticles.com
3:16 AM,3d,285,ddavidai7w@goodreads.com
9:47 AM,3d,286,akundt7x@sogou.com
10:47 PM,3d,287,mledwidge7y@wired.com
6:31 AM,3d,288,ubosson7z@meetup.com
10:37 PM,3d,289,wmacginley80@shop-pro.jp
10:03 AM,2d,290,ryakobowitz81@princeton.edu
12:00 PM,2d,291,sbeyn82@state.gov
1:19 AM,3d,292,dlob83@scribd.com
10:14 PM,3d,293,jrowcliffe84@jimdo.com
9:52 AM,2d,294,kgriffin85@cbc.ca
1:10 AM,2d,295,dvillalta86@uiuc.edu
10:33 PM,2d,296,apaige87@webnode.com
1:38 AM,2d,297,bschiersch88@tripadvisor.com
4:02 PM,2d,298,cvanes89@ox.ac.uk
10:50 PM,3d,299,atomaskunas8a@dyndns.org
8:59 PM,2d,300,ckenforth8b@cafepress.com
5:39 AM,3d,301,kwilbraham8c@t-online.de
9:10 PM,2d,302,nsich8d@craigslist.org
10:24 PM,3d,303,kjewett8e@cnbc.com
9:27 PM,2d,304,ssainer8f@buzzfeed.com
1:52 PM,3d,305,rbourley8g@spiegel.de
8:14 PM,2d,306,kvakhlov8h@thetimes.co.uk
6:15 PM,3d,307,pbatrim8i@miibeian.gov.cn
4:35 AM,3d,308,kcauley8j@odnoklassniki.ru
11:49 AM,2d,309,kclemencon8k@mashable.com
11:25 AM,2d,310,msantus8l@jiathis.com
2:03 PM,3d,311,ltourry8m@ehow.com
8:15 AM,2d,312,ssee8n@nba.com
9:58 AM,2d,313,ktaffs8o@economist.com
8:56 PM,3d,314,rbogace8p@cornell.edu
8:23 PM,3d,315,bwoolaghan8q@yelp.com
2:48 PM,3d,316,fdrewclifton8r@paginegialle.it
5:56 AM,2d,317,tkettridge8s@g.co
7:16 AM,2d,318,wgraybeal8t@harvard.edu
3:49 AM,3d,319,qpenney8u@fema.gov
6:33 PM,3d,320,bfolger8v@naver.com
10:58 AM,2d,321,upoulney8w@dedecms.com
9:48 AM,2d,322,cgethins8x@dagondesign.com
3:28 AM,2d,323,ibarkas8y@wordpress.org
7:08 PM,3d,324,lmackinder8z@usda.gov
5:43 PM,3d,325,zdomsalla90@comsenz.com
3:33 PM,2d,326,fsooley91@privacy.gov.au
5:27 AM,2d,327,bmary92@intel.com
7:56 PM,2d,328,khazelhurst93@newyorker.com
12:14 PM,2d,329,mmcnabb94@php.net
11:24 AM,2d,330,vmitie95@irs.gov
7:36 AM,2d,331,cliffe96@adobe.com
9:51 AM,2d,332,rdraper97@com.com
3:07 PM,2d,333,tspellworth98@mediafire.com
2:34 PM,3d,334,apraill99@gov.uk
7:25 AM,2d,335,aglander9a@spiegel.de
12:13 AM,2d,336,lwayne9b@last.fm
8:51 PM,2d,337,ikedie9c@howstuffworks.com
4:14 PM,2d,338,lscroggie9d@blinklist.com
9:55 PM,3d,339,echater9e@constantcontact.com
5:41 PM,3d,340,gabbison9f@yandex.ru
6:59 AM,2d,341,mgreeno9g@patch.com
11:34 PM,3d,342,kbreakspear9h@moonfruit.com
4:43 PM,3d,343,jizacenko9i@gov.uk
3:01 PM,2d,344,estudholme9j@acquirethisname.com
7:57 AM,2d,345,scleeves9k@archive.org
2:42 PM,2d,346,vputton9l@comcast.net
8:56 AM,3d,347,sfrankiewicz9m@hp.com
1:55 PM,3d,348,fkidde9n@hubpages.com
2:37 AM,2d,349,rperrycost9o@elegantthemes.com
6:08 PM,2d,350,lfries9p@springer.com
7:23 AM,2d,351,mflahy9q@google.de
4:18 AM,3d,352,shanbidge9r@loc.gov
7:22 PM,2d,353,ggreedyer9s@alibaba.com
6:20 PM,3d,354,rquinet9t@geocities.jp
5:10 AM,3d,355,hconfait9u@networksolutions.com
4:34 PM,3d,356,apaddington9v@oracle.com
8:37 PM,3d,357,mlittlejohns9w@yellowpages.com
12:56 AM,2d,358,gbrydson9x@ycombinator.com
1:41 PM,2d,359,aglenfield9y@apple.com
2:22 PM,3d,360,ptimmes9z@parallels.com
1:57 PM,2d,361,lfergusona0@imgur.com
12:17 AM,3d,362,avaunea1@goo.gl
11:02 AM,2d,363,jkittlessa2@bravesites.com
5:59 AM,3d,364,pbockina3@guardian.co.uk
7:33 AM,2d,365,equakleya4@cnn.com
1:11 AM,2d,366,stompiona5@vistaprint.com
1:44 AM,3d,367,msympsona6@booking.com
12:29 AM,2d,368,garkleya7@imgur.com
1:59 PM,3d,369,dcattrolla8@cdc.gov
10:06 PM,2d,370,wmashroa9@ucoz.ru
3:20 AM,3d,371,tvolageaa@360.cn
12:30 PM,2d,372,cmaciejewskiab@oaic.gov.au
2:00 AM,3d,373,lwalterac@amazon.com
1:57 PM,3d,374,nrossiterad@mac.com
8:06 AM,3d,375,hmcalpineae@parallels.com
10:07 PM,3d,376,smcclarenaf@acquirethisname.com
5:09 AM,3d,377,fyeolandag@paginegialle.it
12:38 PM,3d,378,smatzenah@marketwatch.com
2:40 AM,3d,379,rgrogerai@moonfruit.com
6:04 AM,3d,380,ggledhallaj@soundcloud.com
1:00 PM,2d,381,asunnucksak@ycombinator.com
2:00 PM,3d,382,vdarnodyal@skype.com
2:04 AM,3d,383,arottgeram@dailymotion.com
3:37 AM,2d,384,sorthan@reference.com
5:10 AM,3d,385,jgiacobbinijacobao@fema.gov
10:35 AM,2d,386,swilkisonap@fastcompany.com
10:31 PM,2d,387,dchangaq@reddit.com
9:47 AM,2d,388,bbertelmotar@wix.com
12:06 PM,2d,389,ecaruthas@themeforest.net
2:03 PM,3d,390,hreignoldsat@reddit.com
8:37 AM,3d,391,bsleemanau@goo.gl
6:40 AM,3d,392,icupittav@comcast.net
3:17 AM,3d,393,linglisaw@bluehost.com
11:39 AM,2d,394,ejirusax@nature.com
4:06 PM,3d,395,pconsidineay@auda.org.au
2:05 AM,2d,396,nbunneyaz@google.com.au
12:48 AM,3d,397,phollowb0@noaa.gov
1:30 PM,3d,398,ewetherilb1@unicef.org
8:51 PM,3d,399,gkruschovb2@friendfeed.com
2:39 PM,2d,400,alossmanb3@amazon.co.uk
4:44 AM,2d,401,dwinchb4@digg.com
6:07 AM,2d,402,fplantb5@blogger.com
4:03 PM,3d,403,ecrocib6@parallels.com
2:05 PM,3d,404,spostlesb7@theatlantic.com
5:08 PM,3d,405,hhaddockb8@gizmodo.com
6:12 PM,2d,406,druppertzb9@wordpress.org
12:54 PM,3d,407,cgillioba@examiner.com
6:47 PM,2d,408,jpaolibb@intel.com
12:02 PM,2d,409,bvarcoebc@slideshare.net
6:10 PM,3d,410,ipatterfieldbd@springer.com
10:59 AM,2d,411,tjozefczakbe@unicef.org
5:23 AM,3d,412,lvonasekbf@cdc.gov
1:01 PM,3d,413,dmelanaphybg@smugmug.com
2:42 AM,2d,414,lmithunbh@myspace.com
5:14 AM,2d,415,abenkinbi@yahoo.com
6:23 PM,3d,416,ddovidianbj@wikipedia.org
9:48 PM,2d,417,afudgerbk@canalblog.com
5:11 AM,2d,418,ntolletbl@macromedia.com
9:28 PM,2d,419,cellissenbm@npr.org
4:59 PM,3d,420,lchantbn@blinklist.com
8:55 PM,2d,421,pnorthillbo@amazon.co.jp
2:50 AM,2d,422,sdabelbp@exblog.jp
4:27 AM,2d,423,peliassenbq@pen.io
12:30 PM,3d,424,lmeiklembr@ox.ac.uk
9:55 PM,3d,425,bleggattbs@time.com
7:22 PM,2d,426,havrahamoffbt@cafepress.com
9:16 PM,3d,427,ldurganbu@cyberchimps.com
7:05 AM,2d,428,fhensbv@webmd.com
2:08 PM,2d,429,abalshawbw@sitemeter.com
6:32 AM,2d,430,oloosbx@gizmodo.com
5:59 PM,2d,431,bmackiewiczby@mail.ru
6:32 PM,3d,432,cmitkcovbz@auda.org.au
7:48 PM,3d,433,pcoshamc0@liveinternet.ru
3:39 AM,2d,434,vcalleyc1@opensource.org
11:07 AM,2d,435,smclartyc2@tripadvisor.com
4:06 PM,3d,436,rpetegreec3@mayoclinic.com
7:50 AM,2d,437,callakerc4@amazon.co.jp
3:57 AM,2d,438,tsternc5@joomla.org
11:00 AM,3d,439,dcharettec6@usnews.com
12:25 PM,2d,440,phinemoorc7@alibaba.com
5:50 AM,3d,441,mbraggerc8@wunderground.com
7:20 PM,3d,442,ddoyleyc9@sun.com
2:49 PM,2d,443,tjurczykca@vinaora.com
1:50 PM,3d,444,sgloycb@newyorker.com
1:33 PM,2d,445,mdesboroughcc@biglobe.ne.jp
1:00 PM,2d,446,dglandoncd@mit.edu
7:45 AM,3d,447,gjentlece@jugem.jp
8:32 AM,3d,448,mcoursorcf@creativecommons.org
1:05 AM,2d,449,egaydencg@microsoft.com
7:32 PM,2d,450,rschenkelch@blogger.com
11:37 AM,2d,451,hgianci@dmoz.org
1:18 AM,3d,452,dlassetercj@google.com.hk
11:54 PM,3d,453,abuggyck@gnu.org
5:41 PM,2d,454,sjestycl@plala.or.jp
1:14 PM,3d,455,switteringcm@bigcartel.com
6:01 PM,3d,456,clawrancecn@linkedin.com
12:39 AM,2d,457,hpennellco@hexun.com
5:31 PM,3d,458,nlammerdingcp@google.nl
7:51 PM,3d,459,troskellcq@myspace.com
5:02 AM,3d,460,nbartolozzicr@ovh.net
3:45 AM,2d,461,lmariettecs@biglobe.ne.jp
11:12 AM,3d,462,cskillct@edublogs.org
3:58 PM,3d,463,mgarralscu@taobao.com
9:37 AM,2d,464,tczajacv@jalbum.net
10:08 AM,3d,465,kgrelliercw@google.cn
5:25 PM,2d,466,karlingcx@timesonline.co.uk
4:42 AM,2d,467,fajeancy@accuweather.com
3:16 AM,3d,468,trudmancz@abc.net.au
7:52 AM,2d,469,rnaultyd0@360.cn
8:21 AM,2d,470,cphoebed1@ameblo.jp
1:11 PM,3d,471,fmachond2@ihg.com
6:03 AM,3d,472,dcouraged3@miibeian.gov.cn
5:59 PM,3d,473,anatond4@netscape.com
1:58 AM,3d,474,bamblerd5@theatlantic.com
7:44 PM,3d,475,inicklinsond6@soundcloud.com
4:21 PM,3d,476,sgavind7@ucoz.com
5:48 AM,3d,477,mcotesd8@sciencedirect.com
4:41 PM,2d,478,wmilsond9@buzzfeed.com
1:06 AM,2d,479,zgreshamda@blinklist.com
7:45 AM,2d,480,traymentdb@harvard.edu
10:34 PM,3d,481,otrailldc@redcross.org
7:56 AM,2d,482,vthomassendd@spotify.com
10:20 PM,2d,483,sbyrthde@fda.gov
9:46 AM,3d,484,cphilliphsdf@dmoz.org
10:08 AM,2d,485,pbosnelldg@whitehouse.gov
12:48 AM,2d,486,rhatcherdh@uiuc.edu
3:57 PM,2d,487,sbrigshawdi@networkadvertising.org
5:51 PM,3d,488,rstruttmandj@wiley.com
3:27 PM,2d,489,tmcgettigandk@about.me
10:40 AM,2d,490,esallerydl@feedburner.com
3:26 PM,2d,491,cchastaingdm@marketwatch.com
8:09 AM,2d,492,mgimberdn@webeden.co.uk
6:20 AM,2d,493,ehindsbergdo@i2i.jp
9:20 PM,3d,494,dstonhewerdp@ted.com
11:43 AM,2d,495,bredferndq@nps.gov
9:22 AM,2d,496,betheridgedr@aol.com
8:22 AM,3d,497,lcrennellds@yolasite.com
5:30 PM,2d,498,mscatharddt@rediff.com
11:07 AM,2d,499,czoepheldu@theguardian.com
7:10 AM,3d,500,hreddyhoffdv@skyrock.com
5:45 PM,2d,501,ucaselickdw@si.edu
7:20 AM,3d,502,ofortesquieudx@tiny.cc
12:05 AM,3d,503,cvannuchidy@ox.ac.uk
7:38 AM,2d,504,rluttgerdz@alibaba.com
12:12 AM,3d,505,aconachiee0@msu.edu
1:18 PM,3d,506,ncampanye1@parallels.com
8:19 AM,3d,507,brenolse2@1und1.de
1:09 PM,2d,508,timpeye3@japanpost.jp
4:35 PM,2d,509,tpratleye4@moonfruit.com
12:03 AM,3d,510,amcshanee5@shinystat.com
5:09 AM,3d,511,agooddaye6@wired.com
5:04 AM,2d,512,aglawsope7@networksolutions.com
8:50 AM,2d,513,locorriganee8@printfriendly.com
5:35 AM,3d,514,kmarkovae9@hhs.gov
12:51 PM,2d,515,lbrindedea@hhs.gov
6:07 AM,3d,516,vtworteb@blogs.com
10:07 AM,3d,517,mgonec@samsung.com
5:27 PM,3d,518,rrowbothamed@pagesperso-orange.fr
8:10 AM,2d,519,bsultanee@google.ru
2:32 AM,3d,520,jtisonef@salon.com
8:15 AM,3d,521,sfienneseg@ovh.net
5:36 PM,3d,522,gisseleeeh@unesco.org
5:42 PM,2d,523,hmacfarlaneei@posterous.com
11:04 PM,3d,524,twickersleyej@fema.gov
7:01 PM,3d,525,ncastanhoek@123-reg.co.uk
7:09 PM,2d,526,rlewsieel@themeforest.net
4:57 AM,3d,527,mrennocksem@nydailynews.com
11:10 PM,3d,528,soldaleen@furl.net
4:39 AM,2d,529,abettinsoneo@simplemachines.org
12:33 AM,3d,530,kfriesep@friendfeed.com
12:21 PM,3d,531,joldeq@deviantart.com
10:04 AM,2d,532,mzelakeer@1und1.de
8:40 AM,3d,533,gpuckettes@technorati.com
5:45 PM,2d,534,stripettet@themeforest.net
12:07 PM,2d,535,tseamonseu@gmpg.org
9:26 AM,3d,536,rdronsfieldev@google.com.au
4:54 AM,3d,537,bloidlew@gravatar.com
12:55 PM,3d,538,cjeandillouex@twitpic.com
6:54 AM,3d,539,jtilliardsey@shinystat.com
5:42 PM,2d,540,clippoez@51.la
11:47 PM,2d,541,kpischofff0@loc.gov
12:41 AM,3d,542,rjewissf1@whitehouse.gov
5:19 PM,3d,543,lgillinghamf2@wufoo.com
8:29 PM,2d,544,lgriegf3@tiny.cc
1:23 PM,2d,545,dellcockf4@smugmug.com
10:40 PM,2d,546,ggoodlipf5@hc360.com
10:18 PM,3d,547,rgossipinf6@newsvine.com
9:20 PM,2d,548,dtophamf7@barnesandnoble.com
8:12 PM,2d,549,rraynardf8@surveymonkey.com
6:26 AM,2d,550,aoxbroughf9@aboutads.info
7:37 AM,2d,551,ymanuelifa@123-reg.co.uk
1:05 AM,3d,552,nduncanfb@bloomberg.com
5:48 PM,3d,553,aredolfifc@webmd.com
9:56 PM,3d,554,apesekfd@netscape.com
3:15 PM,2d,555,fchalfantfe@yolasite.com
12:19 PM,3d,556,lawdryff@photobucket.com
10:43 AM,3d,557,ajoynesfg@ezinearticles.com
5:20 AM,3d,558,sfliegfh@ustream.tv
3:21 AM,3d,559,yoverlandfi@sitemeter.com
4:22 AM,3d,560,sschneiderfj@wikipedia.org
10:49 AM,2d,561,msearightfk@slashdot.org
9:37 PM,3d,562,radolfsonfl@storify.com
3:26 AM,2d,563,kkoppelfm@friendfeed.com
4:47 PM,2d,564,tgreevesonfn@fc2.com
7:18 AM,3d,565,lreckhousefo@theatlantic.com
3:54 AM,3d,566,mbuckellfp@trellian.com
2:48 PM,2d,567,vwabersinkefq@businesswire.com
5:22 AM,2d,568,tskaidfr@constantcontact.com
5:58 PM,3d,569,oquarmbyfs@symantec.com
1:42 PM,3d,570,acutajarft@simplemachines.org
8:43 PM,2d,571,tughifu@theatlantic.com
7:35 PM,3d,572,sdarrachfv@toplist.cz
9:27 PM,3d,573,abraybrookfw@plala.or.jp
8:29 PM,3d,574,acoattsfx@nsw.gov.au
9:59 AM,3d,575,sboulgerfy@samsung.com
6:09 PM,3d,576,tcawcuttfz@dropbox.com
2:58 AM,3d,577,bbarnewelleg0@github.io
2:54 PM,3d,578,triggulsfordg1@xinhuanet.com
12:26 AM,2d,579,yhimsworthg2@4shared.com
7:14 PM,2d,580,thucksteppg3@ehow.com
8:53 PM,2d,581,tashtonhurstg4@wikipedia.org
7:15 PM,2d,582,pshealg5@barnesandnoble.com
5:11 PM,2d,583,xroggeroneg6@home.pl
5:37 AM,2d,584,jarkellg7@pcworld.com
1:24 AM,2d,585,lnapletong8@ocn.ne.jp
8:30 AM,3d,586,bzuenellig9@w3.org
9:30 AM,3d,587,csercombega@studiopress.com
6:40 AM,2d,588,imunroegb@issuu.com
9:35 AM,3d,589,tmccoidgc@whitehouse.gov
1:02 AM,2d,590,bchristiensengd@myspace.com
9:17 PM,3d,591,lrullerge@about.me
6:52 PM,2d,592,ssullandgf@narod.ru
8:05 AM,3d,593,mturfordgg@elegantthemes.com
8:19 AM,2d,594,flawlingsgh@ask.com
3:48 AM,2d,595,acallissgi@fastcompany.com
9:02 AM,3d,596,cbaldcockgj@nydailynews.com
6:08 PM,3d,597,mcadwalladergk@opensource.org
4:01 PM,2d,598,dknowlesgl@weibo.com
6:11 PM,3d,599,jgrisenthwaitegm@geocities.com
8:20 PM,2d,600,hhimsworthgn@usnews.com
5:22 AM,2d,601,gedisgo@sciencedaily.com
8:09 PM,3d,602,kcamlingp@alexa.com
8:53 AM,3d,603,tcrockettgq@parallels.com
1:47 AM,3d,604,kzecchiniigr@zdnet.com
4:04 PM,3d,605,mcawdrongs@latimes.com
1:51 AM,2d,606,tskeechgt@prnewswire.com
9:53 PM,3d,607,fthomasongu@example.com
5:32 AM,3d,608,jdudgeongv@hexun.com
12:15 AM,3d,609,ralfgw@gravatar.com
7:36 PM,3d,610,lkinzelgx@google.com.br
9:54 AM,2d,611,cwattinhamgy@themeforest.net
11:34 AM,3d,612,xconyardgz@symantec.com
6:43 PM,3d,613,ehabensh0@networksolutions.com
5:53 AM,3d,614,jhaskayneh1@webeden.co.uk
4:36 AM,2d,615,bbeneixh2@si.edu
10:56 PM,3d,616,rmastersh3@angelfire.com
4:51 AM,2d,617,cpeeblesh4@yandex.ru
6:47 PM,2d,618,bmcginnh5@bloglovin.com
6:33 AM,2d,619,randriolih6@mapy.cz
4:43 AM,3d,620,bmoughtinh7@de.vu
12:31 PM,2d,621,agooderh8@arizona.edu
3:40 AM,2d,622,sscurrahh9@bloomberg.com
9:51 AM,3d,623,ztrilloha@sbwire.com
4:12 AM,2d,624,tsatcherhb@infoseek.co.jp
6:21 PM,3d,625,abrideauxhc@fotki.com
7:49 PM,2d,626,rgullhd@google.nl
8:15 AM,2d,627,nlowthorpehe@huffingtonpost.com
12:53 AM,2d,628,mcaulierhf@loc.gov
1:02 AM,3d,629,deddiehg@theatlantic.com
12:48 PM,2d,630,uwisharthh@rediff.com
10:43 PM,3d,631,orodrigueshi@businesswire.com
10:18 AM,2d,632,castleyhj@shinystat.com
9:48 PM,2d,633,rpendreyhk@dailymail.co.uk
7:55 AM,2d,634,fpyrahhl@marketwatch.com
3:51 AM,2d,635,chartwellhm@freewebs.com
9:33 AM,3d,636,mramehn@vk.com
12:03 PM,3d,637,jduncanho@creativecommons.org
6:59 AM,2d,638,cvandenoordhp@ebay.com
1:56 PM,3d,639,lbraveyhq@oaic.gov.au
7:42 PM,2d,640,pdetheridgehr@prweb.com
6:49 PM,2d,641,tkitehs@about.com
1:15 AM,3d,642,gmatchettht@dell.com
12:42 AM,3d,643,dbrimilcombehu@arstechnica.com
11:42 PM,2d,644,mfoulshamhv@storify.com
5:06 AM,2d,645,cdachshw@google.it
6:53 AM,3d,646,hbruinemannhx@free.fr
9:51 PM,2d,647,dbennithy@netvibes.com
7:18 AM,3d,648,zmcilhargahz@miibeian.gov.cn
10:14 PM,3d,649,mjakoviljevici0@i2i.jp
3:55 PM,3d,650,hoverlowi1@aol.com
12:42 PM,3d,651,nveryi2@mashable.com
11:25 AM,3d,652,dwarlocki3@csmonitor.com
1:40 PM,2d,653,shighwoodi4@jigsy.com
10:26 PM,2d,654,kgrugerri5@squidoo.com
7:19 AM,3d,655,rvondrachi6@geocities.jp
6:59 AM,3d,656,gwhebelli7@kickstarter.com
3:20 PM,3d,657,skimbreyi8@joomla.org
10:21 PM,3d,658,bceelyi9@weebly.com
4:22 PM,2d,659,efernehoughia@columbia.edu
4:45 AM,3d,660,ktokleyib@cnn.com
10:02 AM,3d,661,jhowoodic@people.com.cn
6:33 AM,2d,662,nfolletid@ted.com
9:01 AM,2d,663,ckerrichie@blinklist.com
5:39 PM,3d,664,afrimanif@icq.com
10:45 AM,3d,665,kpilleyig@utexas.edu
2:22 AM,2d,666,lcastlesih@twitter.com
4:31 AM,2d,667,gkidbyii@ovh.net
11:40 PM,3d,668,nedmonstonij@globo.com
5:29 PM,3d,669,jgrintik@bloglovin.com
1:50 AM,2d,670,cruppeleil@behance.net
3:51 AM,2d,671,jdallicottim@about.com
5:20 PM,3d,672,chucksteppin@unicef.org
1:44 PM,2d,673,lbreezeio@jiathis.com
1:25 AM,2d,674,dbilberyip@facebook.com
4:24 AM,2d,675,dbalsdoneiq@accuweather.com
9:12 PM,3d,676,kthroughtonir@bluehost.com
1:40 AM,2d,677,cschelleis@mtv.com
10:04 AM,3d,678,hstaiteit@house.gov
10:17 AM,3d,679,lbrickneriu@ehow.com
1:57 AM,2d,680,astreetleyiv@nydailynews.com
7:51 PM,3d,681,tgomeziw@cpanel.net
9:13 AM,2d,682,mcollinwoodix@skype.com
12:00 PM,2d,683,wnesteroviy@quantcast.com
10:28 PM,3d,684,aaitchesoniz@wikimedia.org
1:33 AM,2d,685,wmccardj0@theguardian.com
9:40 PM,2d,686,amcilmorowj1@vimeo.com
12:26 PM,2d,687,ynestorukj2@google.it
3:31 AM,3d,688,tlaurancej3@dropbox.com
5:35 PM,2d,689,fabsonj4@joomla.org
6:22 PM,2d,690,llaguerrej5@bandcamp.com
6:54 PM,3d,691,clukinsj6@prnewswire.com
3:34 AM,3d,692,baldiej7@mysql.com
7:42 AM,2d,693,cseakinj8@sohu.com
4:19 AM,3d,694,kwhithornj9@purevolume.com
10:42 AM,3d,695,aclowja@washington.edu
2:40 AM,2d,696,kmclugaishjb@apple.com
1:29 AM,3d,697,apophamjc@pagesperso-orange.fr
10:40 PM,2d,698,sackersjd@themeforest.net
12:29 PM,3d,699,opaolottoje@google.es
4:42 AM,2d,700,dungerechtsjf@i2i.jp
3:54 PM,2d,701,akeningtonjg@archive.org
12:15 AM,2d,702,rlindjh@foxnews.com
9:06 AM,2d,703,sfedorskiji@arstechnica.com
10:51 PM,2d,704,thrinchishinjj@dailymotion.com
5:56 AM,3d,705,pmantzjk@hp.com
9:57 PM,3d,706,bcastagnerijl@cbsnews.com
3:41 PM,3d,707,tmarquesejm@de.vu
6:13 AM,2d,708,djosovitzjn@xing.com
4:13 AM,2d,709,bsellimanjo@soup.io
11:22 AM,2d,710,bgobeljp@chicagotribune.com
2:26 PM,3d,711,mgavenjq@creativecommons.org
3:21 PM,2d,712,jquinnjr@dagondesign.com
6:02 AM,3d,713,jcrollajs@sitemeter.com
6:04 PM,2d,714,jstledgerjt@soup.io
2:51 AM,2d,715,fspillerju@redcross.org
6:08 AM,2d,716,rquinnelljv@irs.gov
2:10 AM,2d,717,emollinjw@nba.com
10:13 AM,3d,718,grichardesjx@whitehouse.gov
4:32 AM,2d,719,dhuncootjy@google.cn
11:40 AM,3d,720,rreaneyjz@360.cn
6:07 PM,2d,721,akerink0@naver.com
9:35 AM,2d,722,lfeldsternk1@nydailynews.com
8:49 AM,2d,723,dglavisk2@uol.com.br
8:14 PM,2d,724,mdoidgek3@delicious.com
1:34 AM,3d,725,gjoistk4@uol.com.br
11:26 PM,2d,726,kdeeryk5@fotki.com
9:54 PM,2d,727,mburdettk6@hubpages.com
4:24 AM,3d,728,nbailliek7@un.org
2:57 PM,2d,729,rhaggartk8@wired.com
3:20 AM,3d,730,sdunkk9@myspace.com
7:16 AM,2d,731,apriverka@tripadvisor.com
2:02 PM,3d,732,crecherkb@jugem.jp
12:52 PM,2d,733,mllelwelnkc@posterous.com
8:10 AM,3d,734,mrosebladekd@narod.ru
3:20 AM,3d,735,lbradneckke@who.int
4:09 PM,2d,736,vbernlinkf@skype.com
6:33 PM,2d,737,mchansonkg@ftc.gov
5:46 AM,3d,738,bdikeskh@tuttocitta.it
1:21 PM,2d,739,kjustki@huffingtonpost.com
4:39 PM,2d,740,rantonovickj@surveymonkey.com
4:00 AM,2d,741,dlukasenkk@php.net
7:34 AM,3d,742,jorsmankl@ucoz.ru
12:02 PM,3d,743,gsterndalekm@cornell.edu
10:15 PM,2d,744,flucianikn@pbs.org
8:48 AM,2d,745,mcahnko@miibeian.gov.cn
1:11 PM,3d,746,estrowgerkp@google.com.au
2:57 AM,2d,747,rronchettikq@jimdo.com
12:37 PM,2d,748,mmckeachiekr@google.cn
3:07 AM,2d,749,cwellwoodks@hp.com
8:51 PM,2d,750,nhutchinsonkt@un.org
11:43 AM,2d,751,amorewoodku@berkeley.edu
10:08 PM,2d,752,ralredkv@nydailynews.com
3:42 PM,3d,753,hreithkw@ezinearticles.com
12:53 AM,3d,754,ftarrykx@army.mil
12:21 PM,3d,755,relmhirstky@chron.com
10:15 PM,3d,756,ijustunkz@imgur.com
4:44 PM,2d,757,tmccambroisl0@free.fr
11:18 PM,3d,758,ahalstonl1@gov.uk
11:14 PM,2d,759,acowapl2@theatlantic.com
6:20 PM,3d,760,tmaccaghanl3@webs.com
10:51 PM,2d,761,vwinmilll4@mashable.com
4:09 PM,3d,762,oeustacel5@state.tx.us
4:55 PM,2d,763,ltoffanellil6@unesco.org
5:35 PM,3d,764,hwitardl7@smh.com.au
11:51 AM,2d,765,kburthl8@cpanel.net
12:00 AM,2d,766,nleindeckerl9@biblegateway.com
3:27 PM,2d,767,jennsla@un.org
11:08 AM,2d,768,ctrenchlb@yandex.ru
1:24 AM,3d,769,vsanthouselc@fc2.com
9:21 AM,3d,770,gbaldockld@sina.com.cn
12:15 AM,2d,771,eabbsle@usatoday.com
7:23 PM,3d,772,ltattoolf@gravatar.com
2:22 PM,3d,773,ahradskylg@miitbeian.gov.cn
8:35 PM,3d,774,tgrisdalelh@shinystat.com
6:04 PM,3d,775,ngronousli@yolasite.com
5:50 PM,3d,776,ayersinlj@instagram.com
10:05 AM,3d,777,mrolinlk@usda.gov
4:59 PM,3d,778,leverardll@yelp.com
6:45 AM,2d,779,brennardlm@ftc.gov
3:24 PM,2d,780,pstreatfeildln@ucsd.edu
11:42 AM,2d,781,ksidebothamlo@time.com
1:47 AM,2d,782,apiechelp@un.org
1:18 PM,3d,783,sstammerlq@twitpic.com
11:38 PM,2d,784,jlemerchantlr@slate.com
10:51 AM,2d,785,wnormanvillls@google.fr
3:06 PM,2d,786,tgentilelt@google.it
7:32 PM,3d,787,batwaterlu@smh.com.au
2:41 AM,3d,788,aocaheylv@goo.ne.jp
12:31 AM,2d,789,aantoshinlw@cbc.ca
1:31 AM,2d,790,fsidlowlx@reference.com
4:53 PM,2d,791,spriestly@disqus.com
2:52 PM,3d,792,weasthamlz@wix.com
2:03 AM,3d,793,rballamm0@ameblo.jp
6:51 PM,3d,794,gbartoshevichm1@vimeo.com
5:58 AM,2d,795,jvondracekm2@oakley.com
2:45 PM,2d,796,gpeacem3@cnn.com
4:28 AM,3d,797,mkleiselm4@chron.com
5:58 AM,2d,798,aeathornem5@hubpages.com
5:31 AM,2d,799,tocarrollm6@1und1.de
1:12 PM,2d,800,msketchleym7@newyorker.com
5:44 AM,2d,801,btremaylem8@jugem.jp
4:48 AM,3d,802,nelgeym9@t.co
3:36 PM,3d,803,flowndsboroughma@about.com
10:33 PM,2d,804,gnornasellmb@seattletimes.com
8:40 PM,3d,805,ggodsilmc@vkontakte.ru
3:22 PM,3d,806,jbaudrymd@linkedin.com
2:10 PM,3d,807,jkoppeme@1688.com
7:35 PM,3d,808,glarkingsmf@yellowpages.com
1:55 PM,2d,809,isobeymg@joomla.org
10:52 PM,3d,810,jbaldacchimh@php.net
3:39 PM,2d,811,cgluyusmi@skyrock.com
10:38 PM,3d,812,mharrollmj@360.cn
7:57 PM,3d,813,llawlormk@behance.net
11:36 AM,2d,814,tdominguesml@newyorker.com
12:31 PM,2d,815,balbertmm@psu.edu
5:54 PM,2d,816,mbeertmn@bing.com
6:47 AM,2d,817,bbridgesmo@cdc.gov
3:28 PM,3d,818,dshervilmp@dagondesign.com
4:57 AM,3d,819,mcasalemq@umn.edu
10:05 AM,3d,820,ptaylormr@fotki.com
11:14 PM,3d,821,ckylems@virginia.edu
7:23 PM,2d,822,dprescottmt@bbc.co.uk
5:03 PM,2d,823,llawrenzmu@youku.com
9:40 AM,3d,824,mechaliemv@yale.edu
12:06 PM,2d,825,ajunesmw@columbia.edu
4:11 AM,2d,826,ewanekmx@people.com.cn
6:08 PM,3d,827,svendittomy@youtube.com
12:31 PM,3d,828,mmaclicemz@indiegogo.com
5:28 AM,2d,829,dvincen0@seattletimes.com
9:16 PM,2d,830,pcleworthn1@who.int
10:03 PM,2d,831,gmeachenn2@xinhuanet.com
8:51 AM,2d,832,lcheyneyn3@wunderground.com
10:18 PM,2d,833,eluken4@spotify.com
6:16 PM,2d,834,nlagrangen5@people.com.cn
4:34 PM,3d,835,abonyn6@baidu.com
7:31 PM,2d,836,lrevilln7@dropbox.com
11:51 PM,3d,837,vbourleyn8@ovh.net
7:48 AM,2d,838,thartigann9@cdbaby.com
8:09 PM,3d,839,plawfullna@europa.eu
1:37 PM,3d,840,thattricknb@princeton.edu
7:16 PM,3d,841,lwoodersonnc@over-blog.com
11:49 PM,2d,842,dsorend@vk.com
9:26 PM,2d,843,bbessetne@usa.gov
3:07 AM,2d,844,ijacobnf@businessinsider.com
11:52 AM,2d,845,mesomng@bloomberg.com
3:09 AM,3d,846,tlarouxnh@liveinternet.ru
7:01 PM,2d,847,njillittni@comcast.net
6:56 PM,3d,848,ematkovicnj@mit.edu
11:19 PM,2d,849,cfeeknk@paginegialle.it
7:59 PM,2d,850,ccolmannl@microsoft.com
3:49 PM,3d,851,aturleynm@people.com.cn
11:15 AM,3d,852,lloundnn@netlog.com
8:35 AM,2d,853,ckindreadno@squarespace.com
4:58 AM,3d,854,bcolleltonnp@jimdo.com
1:36 PM,2d,855,asperrettnq@cdc.gov
2:46 AM,3d,856,mbiskupnr@elegantthemes.com
4:00 PM,3d,857,smatskivns@wordpress.org
5:39 AM,2d,858,clatternt@yellowbook.com
5:09 PM,3d,859,aastletnu@about.me
3:48 PM,3d,860,koloughanenv@pbs.org
10:11 PM,2d,861,mhurtadonw@chicagotribune.com
8:12 PM,3d,862,dphilipssonnx@chronoengine.com
12:18 AM,2d,863,bbaishny@shutterfly.com
10:59 AM,2d,864,jarthargnz@smugmug.com
12:31 PM,3d,865,cmeeo0@google.pl
10:07 PM,2d,866,rgrosvenero1@drupal.org
4:23 AM,3d,867,adouglasso2@networkadvertising.org
6:19 PM,3d,868,llasseyo3@jalbum.net
5:13 PM,2d,869,eheadlando4@europa.eu
11:02 AM,3d,870,mphilipso5@ning.com
12:06 AM,2d,871,myesenino6@dedecms.com
8:46 PM,3d,872,aburneo7@google.ca
2:35 PM,2d,873,rdudlistono8@facebook.com
10:16 PM,2d,874,riacoboo9@de.vu
8:31 PM,3d,875,rjaneczekoa@icio.us
7:29 AM,3d,876,dcahillaneob@google.co.jp
2:02 AM,2d,877,dcransonoc@fastcompany.com
3:18 AM,3d,878,twoolaghanod@1688.com
4:52 AM,2d,879,bjeandeauoe@odnoklassniki.ru
3:25 PM,2d,880,dmccalumof@redcross.org
12:30 AM,3d,881,kgonsalvoog@answers.com
8:50 PM,3d,882,sdykesoh@businesswire.com
2:56 AM,3d,883,mwallisoi@uiuc.edu
6:02 PM,2d,884,tgemsonoj@altervista.org
12:22 PM,3d,885,wzanicchelliok@addtoany.com
6:32 PM,3d,886,rritzmanol@addtoany.com
2:41 PM,2d,887,kswyerom@cdbaby.com
8:49 PM,2d,888,adambrogioon@instagram.com
6:58 PM,2d,889,zkemishoo@cornell.edu
8:37 PM,3d,890,ppyperop@wikimedia.org
7:36 PM,3d,891,bbunningoq@businessinsider.com
6:46 PM,3d,892,acoyshor@vistaprint.com
2:33 PM,3d,893,rheysos@google.cn
9:57 AM,3d,894,ehakonssonot@i2i.jp
6:17 PM,3d,895,lagronou@cmu.edu
3:38 PM,2d,896,wbodeov@ustream.tv
10:55 AM,2d,897,htwydellow@cbslocal.com
6:59 AM,3d,898,pguerrieriox@independent.co.uk
3:30 AM,3d,899,bbreconoy@usnews.com
10:10 AM,2d,900,dsuteroz@deliciousdays.com
2:17 AM,2d,901,bhodgesp0@mlb.com
7:07 AM,2d,902,beadsp1@elpais.com
12:46 AM,2d,903,ulavillep2@instagram.com
8:18 AM,3d,904,frastallp3@yellowpages.com
5:31 AM,3d,905,jholliarp4@creativecommons.org
10:26 PM,2d,906,lgladstonep5@ted.com
12:00 AM,2d,907,bkillfordp6@facebook.com
8:21 PM,2d,908,mdagleasp7@wikimedia.org
9:52 AM,2d,909,pbedinnp8@multiply.com
3:39 AM,2d,910,mdanieloup9@auda.org.au
12:56 PM,3d,911,ywybronpa@behance.net
9:27 PM,2d,912,icaldeyrouxpb@angelfire.com
9:58 PM,3d,913,xwestmanpc@nhs.uk
8:33 AM,3d,914,fshorrockpd@cnet.com
3:55 AM,3d,915,rtroype@bloomberg.com
11:18 AM,2d,916,gkillbypf@lycos.com
4:43 PM,3d,917,daumerlepg@yale.edu
11:03 PM,2d,918,swansburyph@senate.gov
7:12 PM,3d,919,hsewallpi@fc2.com
3:05 AM,2d,920,mguiderapj@delicious.com
12:51 AM,3d,921,dtenbrugpk@oaic.gov.au
6:04 PM,3d,922,rpedersenpl@wikimedia.org
2:36 PM,3d,923,sazampm@shop-pro.jp
12:42 PM,2d,924,idillistonpn@tuttocitta.it
8:20 PM,3d,925,sbrandespo@mlb.com
9:16 AM,2d,926,dsoanepp@typepad.com
8:46 PM,3d,927,ppauerpq@jimdo.com
2:09 PM,3d,928,challadeypr@macromedia.com
12:51 PM,2d,929,fembureyps@issuu.com
8:10 AM,2d,930,plambdeanpt@utexas.edu
6:47 AM,3d,931,yrenforthpu@nyu.edu
11:25 AM,3d,932,nboageypv@businesswire.com
6:09 PM,2d,933,amortelpw@google.co.uk
6:35 PM,3d,934,llebarrpx@mediafire.com
1:45 PM,3d,935,shaddrellpy@dailymotion.com
3:12 PM,3d,936,dburgisipz@people.com.cn
10:31 PM,2d,937,chanrahanq0@cdbaby.com
8:08 AM,2d,938,abonhamq1@themeforest.net
4:23 AM,3d,939,mpeschmannq2@topsy.com
11:00 PM,2d,940,phuxstepq3@odnoklassniki.ru
1:47 AM,3d,941,gseawardq4@plala.or.jp
2:34 AM,2d,942,rdotsonq5@gnu.org
11:09 PM,3d,943,jflisherq6@goo.gl
2:03 AM,2d,944,bsoffq7@nature.com
5:56 PM,2d,945,ttredgoldq8@bbb.org
11:37 AM,3d,946,jswanneq9@soup.io
10:01 AM,2d,947,ksarraqa@umn.edu
12:12 PM,2d,948,jgorioliqb@de.vu
6:48 PM,2d,949,fmcarleyqc@jimdo.com
11:14 PM,2d,950,eosgarqd@meetup.com
10:59 AM,3d,951,rvereckerqe@answers.com
10:12 AM,2d,952,eservanteqf@goo.gl
10:58 PM,2d,953,emcelroyqg@goo.gl
6:49 AM,3d,954,aplanqh@google.co.jp
10:51 AM,2d,955,hrobynsqi@hatena.ne.jp
12:30 AM,2d,956,econneelyqj@flickr.com
6:09 AM,3d,957,ipauligqk@odnoklassniki.ru
1:45 AM,3d,958,lspincksql@about.me
12:58 PM,2d,959,agaugeqm@xinhuanet.com
9:32 AM,2d,960,rruttgersqn@house.gov
2:09 AM,2d,961,cjerredqo@issuu.com
2:34 PM,2d,962,jtraslerqp@yellowbook.com
10:24 AM,3d,963,kkohlermanqq@i2i.jp
1:17 AM,2d,964,averrechiaqr@mac.com
8:21 AM,2d,965,dspadolliniqs@tmall.com
11:28 PM,2d,966,mscobbieqt@dropbox.com
3:30 PM,2d,967,rgodwinqu@samsung.com
8:11 PM,3d,968,jtidgewellqv@nymag.com
8:27 AM,3d,969,mwybronqw@netscape.com
2:40 AM,3d,970,cfrangletonqx@imageshack.us
7:41 AM,2d,971,nhudspithqy@yale.edu
8:18 PM,3d,972,mflamankqz@joomla.org
12:44 AM,3d,973,cbradforthr0@nytimes.com
1:04 AM,2d,974,gpatroner1@mapquest.com
3:21 PM,3d,975,hwashr2@themeforest.net
6:47 PM,3d,976,dobernr3@topsy.com
4:01 PM,3d,977,shourstonr4@ucsd.edu
1:03 PM,2d,978,ncaselickr5@deliciousdays.com
9:58 PM,3d,979,helldredr6@japanpost.jp
5:12 AM,2d,980,pcroleyr7@icio.us
1:50 PM,2d,981,etolmier8@hibu.com
1:30 PM,3d,982,cbalker9@cam.ac.uk
8:05 AM,3d,983,hjannequinra@flickr.com
5:08 AM,2d,984,rbadlandrb@webeden.co.uk
5:06 PM,2d,985,sconyerrc@elegantthemes.com
1:34 AM,3d,986,jwegenenrd@drupal.org
3:49 AM,3d,987,tsaylorre@timesonline.co.uk
4:39 AM,2d,988,jemblemrf@uiuc.edu
4:30 PM,3d,989,teastwayrg@multiply.com
9:00 AM,3d,990,hmolanrh@bravesites.com
10:08 AM,3d,991,rgrenvilleri@nih.gov
6:24 AM,3d,992,jdringrj@nps.gov
3:04 PM,3d,993,ntreslerrk@cdbaby.com
11:07 AM,2d,994,oleaserl@free.fr
1:37 AM,2d,995,rswainstonrm@trellian.com
6:00 PM,2d,996,adungeern@nymag.com
2:01 AM,3d,997,jlebangro@nih.gov
6:02 PM,2d,998,mrayltonrp@ted.com
8:31 PM,2d,999,dgrangierrq@devhub.com
8:11 PM,3d,1000,messamrr@deviantart.com
