ime, kraj

2nd, Pakenjeng

Sauthoff, Tikiw

Vernon, Sambirejo

Kropf, Burnaby

Southridge, Dalakovo

Prairieview, Qionghai

Pond, Esperantina

Manufacturers, Cercal

Petterle, Barru

Mariners Cove, Caujul

International, Pentaplátano

Tony, Majengo

Coleman, Cruz Alta

Rieder, Chợ Gạo

Porter, Hengjie

Caliangt, Pasarkuok

Straubel, Skien

Prentice, Jingyang

Crowley, Lagawe

Stang, eSikhawini

Grasskamp, Tiechang

Havey, Yurovka

Moland, Hŭngju-dong

Haas, Al Majd

Miller, Bjuv

Jay, Yangjiapo

Oriole, Gonzalo

Ilene, Lukashin

Hansons, Gary

Crownhardt, Pagsanahan Norte

Marcy, Przewóz

Beilfuss, Huanggangshan

Scoville, Sambirata

Stone Corner, Vavoua

American Ash, Longtian

Amoth, Pimentel

Packers, Hikkaduwa

Sycamore, Amagarapati

Corry, Baytā al Fawqā

Randy, Saint-Quentin-en-Yvelines

Pearson, Altagracia de Orituco

Corscot, Polel Diaoubé

Quincy, Keleng

Raven, Pereira

School, Skhodnya

Westport, Itapicuru

Roxbury, Nakhon Pathom

Sutherland, Pingshui

Judy, Jadranovo

Farwell, Contraalmirante Cordero

Summer Ridge, Haiyan

Esch, Netishyn

3rd, Zhaogezhuang

Ramsey, Minchinābād

Elmside, Ngchesar Hamlet

Lien, Lordelo

Meadow Ridge, Maliang

Waxwing, Gradizhsk

Helena, Matias Olímpio

Boyd, Manakara

Hazelcrest, Canala

Arizona, Minador do Negrão

Eastwood, Datun

Prairie Rose, Janas

Bunker Hill, Anta

Macpherson, Marseille

American, Laban

Walton, Zhuanshui

6th, Tianzhou

Ridgeway, Cordeirópolis

Hagan, Ja Ela

Bartillon, Yashiga

Rutledge, Vila do Bispo

Schlimgen, Dimitrovgrad

Barnett, Menggusi

Jana, Albrechtice

Paget, Sanandaj

Tomscot, Laventille

Pierstorff, Hexi

Johnson, Lirang

Autumn Leaf, Yongjiu

Milwaukee, Magdeburg

Hermina, Tây Hồ

Sherman, Frösön

Dottie, Minji

Glendale, Del Monte

Grayhawk, Botshabelo

Oak, Dębe Wielkie

Mesta, Ning’an

Toban, Gayamdesa

Glacier Hill, Rudnya

Holmberg, Sukkozero

Commercial, Shiyun

Farragut, Chenda

Carberry, Bang Lamung

Aberg, Khemarat

Mayfield, Krajan Winong

Starling, Mityana

Westridge, Kozakai-chō

Green Ridge, Oemollo

Golf View, Ōhara

Karstens, Västerås

Susan, Oklahoma City

Trailsway, Creil

Bonner, Colombia

Hauk, Tanlin

Schurz, Shuanghe

Steensland, Kholbon

Shoshone, Emiliano Zapata

Union, Quxia

Warner, Piekielnik

Little Fleur, Vrbovec

Elka, Toledo

Golf, Boawae

Maywood, Tundagan

Badeau, Mungo

Kim, Leonárisso

Oneill, Mezinovskiy

Fremont, Fuming

Talisman, Fristad

South, Rizal

Parkside, Michałów

Chinook, Bandar-e ‘Asalūyeh

Waubesa, Brongkah

Spenser, Lusong

Vahlen, Melíki

Columbus, Surcubamba

Bobwhite, Krasnyy Lyman

Manley, Klatakan

Thackeray, Hobaramachi

Thierer, Padre Burgos

Melvin, Kittilä

Magdeline, Camangcamang

Twin Pines, Calsib

Huxley, Osvaldo Cruz

Bay, Yinzhu

Monument, Gävle

Norway Maple, Izazi

Shelley, Solna

Forest, Tunis

Nancy, Nanga Eboko

Ridgeview, Bystra

Drewry, Roubaix

Almo, Kangar

Warbler, Gibato

West, Taverny

Bartelt, Ningmute

Kennedy, Las Vegas

Graedel, Wentugaole

Truax, Askim

Birchwood, Dianwan

Buhler, Dongling

Butterfield, Independencia

Londonderry, Östhammar

Cordelia, Cergy-Pontoise

Schmedeman, Río de Oro

Sunfield, Burnside

Hoepker, Baoquan

Calypso, Hato Mayor del Rey

Pine View, Kabīrwāla

Gale, Fkih Ben Salah

Golf Course, Ukhta

Longview, Chalamarca

Basil, Okuta

Hintze, Ţawr al Bāḩah

Emmet, Santo Estêvão

Forest Dale, Erjiegou

Blue Bill Park, Recife

Old Gate, Nanjie

Forest Run, El Copé

Sheridan, Chapayevka

Barby, Daja

Jenna, Dahe

Lakewood, Ríohacha

Grover, Zhenqian

Burning Wood, Dayin

Northport, Masjed Soleymān

Continental, Guanban

Upham, Venlo

Pennsylvania, Iida

Harper, To’rtko’l Shahri

Victoria, Dobrá

Rigney, Khān Neshīn

Anniversary, Luxor

Valley Edge, Banjar Geriana Kangin

Dexter, Osby

Stuart, Sungai Raya

Reindahl, Tominian

Dovetail, Karamat

Dahle, Terpsithéa

Monterey, São Sebastião

Hovde, Yitulihe

Cardinal, Prinza

Carpenter, Vrtojba

Mccormick, Nkongsamba

Gina, Paurito

Vermont, Zhukovka

Montana, Piduhe

Shopko, Pokrov

Nelson, Butubut Norte

Kenwood, Zaragoza

Dunning, Kauran

Sachs, Bukama

Heffernan, Knoxville

Reinke, Bicas

Kinsman, Sergiyev Posad

Browning, Shiniujiang

Hayes, Amangarh

Fulton, Cancela

Pepper Wood, Sośno

Mosinee, Mascote

Texas, Khānaqāh

Harbort, Yambrasbamba

Cody, Aketi

Sugar, Gontar

Superior, Pinsk

Dayton, Liure

Hudson, N'Djamena

Spaight, Almolonga

Summit, Altay

Melrose, Pingshanhu

7th, El Kef

Swallow, Bilyarsk

Springview, San Andrés Xecul

Brown, Santo Antônio do Içá

Anthes, Toguchin

Ridge Oak, Celje

Maple Wood, Malvas

Fair Oaks, Safi

Waywood, Néos Skopós

Cherokee, De la Paz

Mallard, Matanzas

Hooker, Morshansk

Onsgard, Luobei

Graceland, Petrovskiy

Roth, Jajar

Luster, Yuanqian

Bayside, Estela

Merry, Homagama

Merrick, Costeira do Pirajubae

Pankratz, Miura

Dryden, Amu Gulang Baolige

Summerview, Pak Phli

Green, Causwagan

1st, Khomutovo

Hoffman, Niujiang

Thompson, Sedlčany

Village Green, Rājbirāj

Vera, Namasuba

Crescent Oaks, Jingyang

Loomis, Namyang-dong

Loeprich, Itatinga

Mcguire, Temeke

5th, Strellc i Ulët

Bultman, Dikirnis

Bashford, Cachipay

Mendota, Severka

Lerdahl, Rosario del Ingre

Algoma, Girihieum

Iowa, Knyaze-Volkonskoye

Sachtjen, Babakanlapang

Cascade, Amiens

Manitowish, Jumpangdua

Myrtle, Matsushima

Portage, Pyrgetós

Ronald Regan, Pavlovka

Eagle Crest, Norrköping

Del Sol, Quốc Oai

Bunting, Phoenix

Talmadge, Novo Aripuanã

Ryan, Oygon

Rowland, Baoluan

Old Shore, Kihniö

David, Campamento

Debra, Dallas

Hollow Ridge, Cartagena

Saint Paul, General Luna

Carey, San Jose

Gerald, La Paz

Kensington, Velké Meziříčí

Linden, Ayotupas

Alpine, Mekarsari

Anderson, Kaišiadorys

Morningstar, De la Paz

Eagan, Rumāh

John Wall, Linëvo

Mallory, Buliok

Goodland, Sayansk

Annamark, Gvardeysk

Muir, Cariamanga

Cambridge, Huyunxiang

Logan, Pyshchug

Ruskin, Catabola

Armistice, Cañuelas

Mitchell, Zhangjiafang

Wayridge, Donim

Elgar, New Panamao

Russell, Bilian

Shasta, Cigadog

Dennis, Arujá

Fisk, Budapest

Artisan, Groningen

Sommers, Acobamba

Katie, Palaiochóri

Evergreen, Temperak

Menomonie, Zhuxi

Michigan, Dasha

Crest Line, Fanhu

Main, Pasco

New Castle, Hobo

Oakridge, Hāla

Center, Nova Era

Scott, Camajuaní

Gulseth, Bata Tengah

Service, Oras

Sunnyside, Kórnik

Golden Leaf, Panjakent

Ludington, Novobeysugskaya

Spohn, Lunang

Florence, Shanghu

Lillian, Xincheng Chengguanzhen

Marquette, Pargas

Del Mar, Dioknisi

Brentwood, Sanfins

Homewood, Sarāvān

Hanson, Novoukrainskiy

Welch, Izingolweni

Duke, Paragominas

Esker, Kangasala

Holy Cross, Zhagang

Eastlawn, Kauhan

Anzinger, Hezuoqiao

Nevada, Hultsfred

Redwing, Nzega

Northridge, Toshloq

Delaware, Ikot-Ekpene

Anhalt, Soloneshnoye

Grim, María la Baja

Blaine, Shenglilu

Butternut, Austin

Park Meadow, Jacksonville

Dwight, Gocoton

Jenifer, Rumoi

Meadow Valley, Welisara

Coolidge, Wunat

Towne, East Migpulao

Eggendart, Ílion

Sullivan, Singkir

Fallview, Hajnówka

Charing Cross, Pavlivka

Dixon, Wentang

Morrow, San Juan de Colón

Comanche, Lápas

High Crossing, Kan’onjichō

Cottonwood, Matagalpa

Sunbrook, Loei

Hoard, Rubiataba

Atwood, Paraíso

Sundown, Milanów

Debs, Cikarang

Vidon, Kato Pyrgos

Lindbergh, Beima

Rusk, Balitoc

Tennyson, Sassandra

Division, An Nāşirah

Kings, Sarany

Melby, Sukorambi

Lawn, Mantes-la-Jolie

Memorial, Taiobeiras

Canary, Bosanski Brod

Fairfield, Pampachiri

Troy, Oganlima

Express, Santo Tomas

Daystar, Helmsange

Dapin, Pinhal de Frades

Kedzie, Doushaguan

Stephen, Cali

Stoughton, Nyköping

4th, Klonowa

Blackbird, Simimbaan

Moose, Mascote

La Follette, Maroanging

Darwin, Dami

Jackson, Omaruru

Loftsgordon, Windsor

Warrior, Llano Largo

Oak Valley, Vizal San Pablo

Farmco, Al Manşūrah

Dorton, Shimen

Everett, Jinshiqiao

Westend, Babakan Baru

Mayer, Dongbian

Bluejay, Harjamukti

East, Huangludian

Sage, Leninsk

Lyons, Krasnosilka

Arapahoe, Nkhotakota

Red Cloud, Mozi

Laurel, Paratinga

Larry, Ciudad Arce

Lunder, Kishorganj

Doe Crossing, Chuanshan

Hanover, Kathu

Fordem, Machinga

Dawn, Goshogawara

Utah, Podgornoye

Brickson Park, Porirua

Bellgrove, Waimangura

Arkansas, Qingshan

Garrison, Bektemir

Lukken, Kimil’tey

Fairview, Kalapanunggal

Acker, Tayirove

Heath, Irkliyevskaya

Monica, Wujiashan

Sutteridge, Amerta

Dakota, Merida

Mcbride, Tarqūmyā

Clyde Gallagher, Dungloe

Transport, Yanqi

Bowman, Valleymount

Mockingbird, Peliyagoda

Kipling, Firavitoba

Kingsford, New Glasgow

Orin, Chanhe

Buena Vista, Plumbangan

Colorado, Suzuka

Leroy, Šentilj v Slov. Goricah

Tennessee, Taraz

Declaration, Rumat Heib

Fuller, Zhongdeng

Mandrake, Batujaran

Meadow Vale, Bairros

Gateway, Amparita
