kino_ime, prigrizek_ime



2nd, Plums - Red

Sauthoff, Carroway Seed

Vernon, Sausage - Meat

Kropf, Wine - Ej Gallo Sonoma

Southridge, Mousse - Mango

Prairieview, Longos - Assorted Sandwich

Pond, Lemonade - Pineapple Passion

Manufacturers, Appetizer - Crab And Brie

Petterle, Sage - Ground

Mariners Cove, Crush - Cream Soda

International, Toothpick Frilled

Tony, Sausage - Chorizo

Coleman, Cheese - Mascarpone

Rieder, Foil - 4oz Custard Cup

Porter, Bread - Raisin Walnut Pull

Caliangt, Galliano

Straubel, Beef - Top Butt Aaa

Prentice, Juice - Apple Cider

Crowley, Nougat - Paste / Cream

Stang, Syrup - Kahlua Chocolate

Grasskamp, Nantucket Orange Juice

Havey, Smirnoff Green Apple Twist

Moland, Fork - Plastic

Haas, Garlic Powder

Miller, Anchovy In Oil

Jay, Amarula Cream

Oriole, Pasta - Canelloni

Ilene, Wine - Gato Negro Cabernet

Hansons, Bandage - Finger Cots

Crownhardt, Propel Sport Drink

Marcy, Persimmons

Beilfuss, Strawberries

Scoville, Cheese - St. Paulin

Stone Corner, Blue Curacao - Marie Brizard

American Ash, Water Chestnut - Canned

Amoth, Pork - Ground

Packers, Bagel - 12 Grain Preslice

Sycamore, Bananas

Corry, Muffin - Carrot Individual Wrap

Randy, Sole - Iqf

Pearson, Soup - Campbells Beef Strogonoff

Corscot, Papadam

Quincy, Oil - Coconut

Raven, Goat - Whole Cut

School, Wine - Savigny - Les - Beaune

Westport, Jam - Raspberry

Roxbury, Vinegar - Cider

Sutherland, Venison - Liver

Judy, Vodka - Moskovskaya

Farwell, Beer - Maudite

Summer Ridge, Olives - Morracan Dired

Esch, Yeast Dry - Fleischman

3rd, Juice - Cranberry 284ml

Ramsey, Wine - Rioja Campo Viejo

Elmside, Salmon - Canned

Lien, Salt - Seasoned

Meadow Ridge, Longos - Grilled Chicken With

Waxwing, Laundry - Bag Cloth

Helena, Lettuce - Lambs Mash

Boyd, Coffee - Flavoured

Hazelcrest, Cheese - Le Cheve Noir

Arizona, Broom Handle

Eastwood, Bacardi Breezer - Tropical

Prairie Rose, Cilantro / Coriander - Fresh

Bunker Hill, Oil - Shortening - All - Purpose

Macpherson, Cups 10oz Trans

American, Tray - 12in Rnd Blk

Walton, White Fish - Filets

6th, Sugar - Fine

Ridgeway, Tobasco Sauce

Hagan, Silicone Parch. 16.3x24.3

Bartillon, Gatorade - Cool Blue Raspberry

Rutledge, Hagen Daza - Dk Choocolate

Schlimgen, Sambuca Cream

Barnett, Wine - Duboeuf Beaujolais

Jana, Mushroom - Crimini

Paget, Cinnamon Buns Sticky

Tomscot, Goulash Seasoning

Pierstorff, Dried Apple

Johnson, Sauce - Ranch Dressing

Autumn Leaf, Sauce - Vodka Blush

Milwaukee, Beer - Sleemans Cream Ale

Hermina, Wine - Pinot Noir Stoneleigh

Sherman, French Kiss Vanilla

Dottie, Canadian Emmenthal

Glendale, Spring Roll Wrappers

Grayhawk, Bread - Focaccia Quarter

Oak, Pomello

Mesta, Fib N9 - Prague Powder

Toban, Pur Source

Glacier Hill, Shrimp - Black Tiger 8 - 12

Holmberg, Spice - Pepper Portions

Commercial, Venison - Ground

Farragut, Puree - Raspberry

Carberry, Salt And Pepper Mix - Black

Aberg, Mussels - Cultivated

Mayfield, Pepper Squash

Starling, Chips Potato All Dressed - 43g

Westridge, Saskatoon Berries - Frozen

Green Ridge, Parsley - Fresh

Golf View, Oven Mitts - 15 Inch

Karstens, Longos - Grilled Salmon With Bbq

Susan, Boogies

Trailsway, Capers - Ox Eye Daisy

Bonner, Yeast Dry - Fermipan

Hauk, Spice - Greek 1 Step

Schurz, Chocolate Bar - Oh Henry

Steensland, Soup Bowl Clear 8oz92008

Shoshone, Cheese - Cottage Cheese

Union, Cheese Cloth No 60

Warner, Ecolab Crystal Fusion

Little Fleur, Wine - Casillero Del Diablo

Elka, Soho Lychee Liqueur

Golf, Melon - Watermelon Yellow

Maywood, Wine - Clavet Saint Emilion

Badeau, Avocado

Kim, Cup Translucent 9 Oz

Oneill, Lettuce - Curly Endive

Fremont, Chocolate - Chips Compound

Talisman, Rice - Basmati

South, Langers - Mango Nectar

Parkside, Beer - Blue Light

Chinook, Snapple Lemon Tea

Waubesa, Marzipan 50/50

Spenser, Sauce - Roasted Red Pepper

Vahlen, Capon - Whole

Columbus, Potatoes - Fingerling 4 Oz

Bobwhite, Scallop - St. Jaques

Manley, Cleaner - Pine Sol

Thackeray, Soup - Campbells Mac N Cheese

Thierer, Squash - Guords

Melvin, Cauliflower

Magdeline, Bread - French Stick

Twin Pines, Pepper - Red Chili

Huxley, Tray - 16in Rnd Blk

Bay, Pastry - Raisin Muffin - Mini

Monument, Mushroom - Porcini Frozen

Norway Maple, Pork - Bones

Shelley, Icecream - Dstk Cml And Fdg

Forest, Potato - Sweet

Nancy, Bacardi Mojito

Ridgeview, Bread - Bistro White

Drewry, Cheese - Blue

Almo, Ham - Cooked Bayonne Tinned

Warbler, Cocoa Butter

West, Mace Ground

Bartelt, Sauce Tomato Pouch

Kennedy, Lobster - Canned Premium

Graedel, Port - 74 Brights

Truax, Muffin - Banana Nut Individual

Birchwood, Sprouts - Onion

Buhler, Breakfast Quesadillas

Butterfield, Mustard - Individual Pkg

Londonderry, Macaroons - Homestyle Two Bit

Cordelia, Chicken - Livers

Schmedeman, Oven Mitt - 13 Inch

Sunfield, Flower - Potmums

Hoepker, Icecream - Dibs

Calypso, Cake - Bande Of Fruit

Pine View, Water - Spring 1.5lit

Gale, Wine - Winzer Krems Gruner

Golf Course, Beans - French

Longview, Sugar - Icing

Basil, Carbonated Water - White Grape

Hintze, Calaloo

Emmet, Spaghetti Squash

Forest Dale, Phyllo Dough

Blue Bill Park, Pernod

Old Gate, Lid Tray - 16in Dome

Forest Run, Wine - Alsace Gewurztraminer

Sheridan, Soup - French Onion

Barby, Mountain Dew

Jenna, Pail With Metal Handle 16l White

Lakewood, Wine - Pinot Noir Latour

Grover, Flour - Strong Pizza

Burning Wood, Sprouts - Baby Pea Tendrils

Northport, Creme De Menth - White

Continental, Flower - Carnations

Upham, Compound - Strawberry

Pennsylvania, Easy Off Oven Cleaner

Harper, Puree - Strawberry

Victoria, Piping - Bags Quizna

Rigney, Kiwi

Anniversary, Thermometer Digital

Valley Edge, Mikes Hard Lemonade

Dexter, Soup - Campbells - Tomato

Stuart, Cheese - Shred Cheddar / Mozza

Reindahl, Olives - Nicoise

Dovetail, Coffee - Dark Roast

Dahle, Soup - Base Broth Chix

Monterey, Red Pepper Paste

Hovde, Ham - Black Forest

Cardinal, Wine - Fino Tio Pepe Gonzalez

Carpenter, Beef - Montreal Smoked Brisket

Mccormick, Trout Rainbow Whole

Gina, Salmon - Fillets

Vermont, Otomegusa Dashi Konbu

Montana, Chicken - Whole

Shopko, Calypso - Pineapple Passion

Nelson, Pastry - Cheese Baked Scones

Kenwood, Higashimaru Usukuchi Soy

Dunning, Tomato - Tricolor Cherry

Sachs, Mix - Cocktail Ice Cream

Heffernan, Puree - Pear

Reinke, Tequila - Sauza Silver

Kinsman, Glass Clear 8 Oz

Browning, Wine - Zinfandel Rosenblum

Hayes, Chicken Giblets

Fulton, Wild Boar - Tenderloin

Pepper Wood, Pumpkin

Mosinee, Bacon Strip Precooked

Texas, Monkfish Fresh - Skin Off

Harbort, Fudge - Chocolate Fudge

Cody, Truffle Shells - White Chocolate

Sugar, Pears - Anjou

Superior, Ocean Spray - Kiwi Strawberry

Dayton, Chips - Assorted

Hudson, Bread - Dark Rye

Spaight, Steampan - Foil

Summit, Pastry - Baked Cinnamon Stick

Melrose, Wine - George Duboeuf Rose

7th, Juice - Propel Sport

Swallow, Tea - English Breakfast

Springview, General Purpose Trigger

Brown, Butter Ripple - Phillips

Anthes, Beef Dry Aged Tenderloin Aaa

Ridge Oak, Vinegar - Tarragon

Maple Wood, Steampan Lid

Fair Oaks, Ecolab - Power Fusion

Waywood, Cheese - Roquefort Pappillon

Cherokee, Wine - Rubyport

Mallard, Vinegar - Rice

Hooker, Pears - Bartlett

Onsgard, Wine - Shiraz South Eastern

Graceland, Plasticknivesblack

Roth, Salt And Pepper Mix - White

Luster, Egg - Salad Premix

Bayside, Rabbit - Whole

Merry, Lettuce - Lolla Rosa

Merrick, Ice Cream - Chocolate

Pankratz, Eggplant - Regular

Dryden, Muffin - Mix - Strawberry Rhubarb

Summerview, Spic And Span All Purpose

Green, Sugar - Crumb

1st, Crab - Imitation Flakes

Hoffman, Broccoli - Fresh

Thompson, Green Tea Refresher

Village Green, Stainless Steel Cleaner Vision

Vera, Danishes - Mini Cheese

Crescent Oaks, Artichokes - Jerusalem

Loomis, Juice Peach Nectar

Loeprich, Island Oasis - Magarita Mix

Mcguire, Wine - Barolo Fontanafredda

5th, Bread - Olive Dinner Roll

Bultman, External Supplier

Bashford, Corn Kernels - Frozen

Mendota, Cheese - Bocconcini

Lerdahl, Chevril

Algoma, Arctic Char - Fillets

Iowa, Cucumber - Pickling Ontario

Sachtjen, Spice - Chili Powder Mexican

Cascade, Wine - Chateauneuf Du Pape

Manitowish, Bag - Regular Kraft 20 Lb

Myrtle, Potatoes - Mini Red

Portage, Sausage - Blood Pudding

Ronald Regan, Dried Peach

Eagle Crest, Veal - Sweetbread

Del Sol, Bread - Raisin

Bunting, Rice - Sushi

Talmadge, Napkin White

Ryan, Pork - Belly Fresh

Rowland, Ice Cream Bar - Oreo Sandwich

Old Shore, Ice Cream - Fudge Bars

David, Lettuce - Radicchio

Debra, Pie Filling - Cherry

Hollow Ridge, Salad Dressing

Saint Paul, Cheese - Feta

Carey, Wine - Placido Pinot Grigo

Gerald, Snapple - Iced Tea Peach

Kensington, Cleaner - Comet

Linden, Lid - 16 Oz And 32 Oz

Alpine, Wine - Cotes Du Rhone Parallele

Anderson, Lotus Rootlets - Canned

Morningstar, Pants Custom Dry Clean

Eagan, Kale - Red

John Wall, White Baguette

Mallory, Table Cloth 53x69 White

Goodland, Sproutsmustard Cress

Annamark, Cape Capensis - Fillet

Muir, Isomalt

Cambridge, Fireball Whisky

Logan, Swiss Chard - Red

Ruskin, Beer - True North Lager

Armistice, Veal - Kidney

Mitchell, Jagermeister

Wayridge, Oven Mitts 17 Inch

Elgar, Bulgar

Russell, Celery Root

Shasta, Dawn Professionl Pot And Pan

Dennis, Foam Cup 6 Oz

Fisk, Pea - Snow

Artisan, Potatoes - Mini White 3 Oz

Sommers, Everfresh Products

Katie, Dried Figs

Evergreen, Lettuce - Sea / Sea Asparagus

Menomonie, Pear - Asian

Michigan, Soup - Chicken And Wild Rice

Crest Line, Lamb - Rack

Main, Plasticforkblack

New Castle, Wine - Dubouef Macon - Villages

Oakridge, Longos - Greek Salad

Center, Beer - Molson Excel

Scott, Ice Cream - Strawberry

Gulseth, Muffin Batt - Ban Dream Zero

Service, Beer - Sleemans Honey Brown

Sunnyside, Foie Gras

Golden Leaf, Clam Nectar

Ludington, Napkin - Beverage 1 Ply

Spohn, Lighter - Bbq

Florence, V8 Splash Strawberry Kiwi

Lillian, Wine - Acient Coast Caberne

Marquette, Cleaner - Bleach

Del Mar, Chicken - Wieners

Brentwood, Pickerel - Fillets

Homewood, Poppy Seed

Hanson, Coffee - French Vanilla Frothy

Welch, Bouillion - Fish

Duke, Wine - Pinot Grigio Collavini

Esker, French Pastry - Mini Chocolate

Holy Cross, Eggplant - Baby

Eastlawn, Beer - Upper Canada Lager

Anzinger, Milk - 1%

Nevada, Sour Cream

Redwing, Flour Dark Rye

Northridge, Flower - Daisies

Delaware, Sauce - Alfredo

Anhalt, Lumpfish Black

Grim, Puff Pastry - Slab

Blaine, Fudge - Cream Fudge

Butternut, Salt - Table

Park Meadow, Lettuce - Baby Salad Greens

Dwight, Veal - Loin

Jenifer, Baking Soda

Meadow Valley, Pepper - Roasted Red

Coolidge, Wine - Sauvignon Blanc

Towne, Initation Crab Meat

Eggendart, V8 Pet

Sullivan, Beef - Diced

Fallview, Blouse / Shirt / Sweater

Charing Cross, Flour - Fast / Rapid

Dixon, Papayas

Morrow, Soup - Campbells Pasta Fagioli

Comanche, Soupcontfoam16oz 116con

High Crossing, Sugar - Monocystal / Rock

Cottonwood, Cheese - Le Cru Du Clocher

Sunbrook, Scotch - Queen Anne

Hoard, Soup Campbells Turkey Veg.

Atwood, Tarts Assorted

Sundown, Chocolate - Milk

Debs, Onions - Pearl

Vidon, Potatoes - Yukon Gold 5 Oz

Lindbergh, Quinoa

Rusk, Bread Sour Rolls

Tennyson, Lentils - Green Le Puy

Division, Crackers - Graham

Kings, Flour - Semolina

Melby, Sauce Bbq Smokey

Lawn, French Pastries

Memorial, Squash - Pepper

Canary, Chocolate Bar - Coffee Crisp

Fairfield, Mushroom - Morel Frozen

Troy, Triple Sec - Mcguinness

Express, Cookie Chocolate Chip With

Daystar, Dc - Frozen Momji

Dapin, Dehydrated Kelp Kombo

Kedzie, Noodles - Steamed Chow Mein

Stephen, Garlic - Peeled

Stoughton, Calypso - Black Cherry Lemonade

4th, Lettuce - Romaine

Blackbird, Salt - Kosher

Moose, Cornstarch

La Follette, Longos - Cheese Tortellini

Darwin, Muffin Hinge Container 6

Jackson, Soap - Hand Soap

Loftsgordon, Radish

Warrior, Beef Ground Medium

Oak Valley, Cheese - Ricotta

Farmco, Tomato - Plum With Basil

Dorton, Soup - Tomato Mush. Florentine

Everett, Salt - Sea

Westend, Danishes - Mini Raspberry

Mayer, Energy - Boo - Koo

Bluejay, Sprouts - Corn

East, Sprouts - Bean

Sage, Icecream Bar - Del Monte

Lyons, Pan Grease

Arapahoe, Bread - Raisin Walnut Oval

Red Cloud, Carbonated Water - Strawberry

Laurel, Egg Patty Fried

Larry, Sea Urchin

Lunder, Sauce - Hoisin

Doe Crossing, Cheese - Camembert

Hanover, Beef - Texas Style Burger

Fordem, Shark - Loin

Dawn, Assorted Desserts

Utah, Scrubbie - Scotchbrite Hand Pad

Brickson Park, Bread - Corn Muffaletta

Bellgrove, Pastry - Apple Muffins - Mini

Arkansas, Oil - Olive

Garrison, Corn Meal

Lukken, Bagel - Plain

Fairview, Curry Paste - Green Masala

Acker, Lettuce - Green Leaf

Heath, Pork Loin Cutlets

Monica, Pastry - Lemon Danish - Mini

Sutteridge, Beer - True North Strong Ale

Dakota, Fiddlehead - Frozen

Mcbride, Coconut - Whole

Clyde Gallagher, Wine - Ruffino Chianti

Transport, Whmis Spray Bottle Graduated

Bowman, Lobster - Cooked

Mockingbird, Cafe Royale

Kipling, Bread - Assorted Rolls

Kingsford, Mustard Prepared

Orin, Soup - Cream Of Potato / Leek

Buena Vista, Wine - Semi Dry Riesling Vineland

Colorado, Salmon - Sockeye Raw

Leroy, Apple - Fuji

Tennessee, Ginsing - Fresh

Declaration, Pork - Ham Hocks - Smoked

Fuller, Fuji Apples

Mandrake, Pepper - Pablano

Meadow Vale, Wine - Remy Pannier Rose

Gateway, Olives - Kalamata
