ime, cena
Chevril, 8.16
Foam Dinner Plate, 3.32
Dragon Fruit, 7.82
Wine - Charddonnay Errazuriz, 1.03
Pasta - Cheese / Spinach Bauletti, 2.27
Mustard - Dijon, 4.71
Wine - Chateau Bonnet, 3.49
Shrimp - 150 - 250, 5.05
Cheese - Gouda, 3.13
Rosemary - Dry, 3.89
Compound - Rum, 8.63
Cookie - Oatmeal, 2.29
Lemonade - Pineapple Passion, 2.96
Sherry - Dry, 7.78
Gatorade - Cool Blue Raspberry, 9.59
Wine - Zinfandel Rosenblum, 1.31
Cognac - Courvaisier, 7.18
Curry Paste - Green Masala, 2.41
Kiwano, 4.96
Pastry - Raisin Muffin - Mini, 2.58
Table Cloth 62x120 White, 9.66
Truffle - Peelings, 2.76
Sugar - Cubes, 5.07
Plaintain, 2.08
Syrup - Monin - Blue Curacao, 1.42
Bread Crumbs - Japanese Style, 3.56
Lettuce - Arugula, 2.73
Water - Green Tea Refresher, 4.84
Juice - Orange 1.89l, 5.09
Toamtoes 6x7 Select, 1.16
Chef Hat 25cm, 8.27
Puree - Mango, 3.11
Shiro Miso, 7.83
Muffin - Zero Transfat, 4.94
Pail With Metal Handle 16l White, 8.34
Apricots - Dried, 3.25
Curry Paste - Madras, 2.2
Syrup - Chocolate, 5.35
Halibut - Steaks, 5.39
Squid - Breaded, 1.39
Cucumber - Pickling Ontario, 5.06
Squeeze Bottle, 1.89
Wine - Fino Tio Pepe Gonzalez, 4.96
Liqueur - Melon, 5.28
Marjoram - Fresh, 3.15
Artichoke - Fresh, 6.04
Chinese Lemon Pork, 8.99
Pepper - Red Chili, 8.92
Coffee Beans - Chocolate, 9.27
Ice Cream Bar - Hageen Daz To, 5.53
Apple - Northern Spy, 7.6
Puree - Kiwi, 8.6
Caviar - Salmon, 1.35
Coffee - Decaffeinato Coffee, 8.2
Savory, 1.54
Lamb - Shoulder, 5.3
Ocean Spray - Kiwi Strawberry, 3.99
Sponge Cake Mix - Chocolate, 3.55
Wine - Cotes Du Rhone Parallele, 9.35
Pastry - Apple Muffins - Mini, 1.0
Pastry - Butterscotch Baked, 9.97
Mussels - Cultivated, 8.57
Oats Large Flake, 6.33
Mushroom - Portebello, 4.02
Cake - Miini Cheesecake Cherry, 5.97
Sauce - Caesar Dressing, 2.41
Eggwhite Frozen, 8.72
Chicken - White Meat With Tender, 7.47
Pasta - Ravioli, 2.81
Napkin Colour, 6.33
Milk - Skim, 2.98
Beef Cheek Fresh, 6.02
Strawberries, 9.59
Pork - Smoked Back Bacon, 7.79
Nantucket Apple Juice, 5.15
Pate - Liver, 2.7
Tequila Rose Cream Liquor, 1.49
Chicken - Bones, 4.53
Curry Powder Madras, 6.29
Wine - Sogrape Mateus Rose, 6.55
Wooden Mop Handle, 4.8
Croissants Thaw And Serve, 4.16
Jolt Cola - Red Eye, 5.17
Chocolate - Liqueur Cups With Foil, 8.37
Salt - Celery, 6.43
Ecolab - Ster Bac, 5.49
Pork - Bacon Cooked Slcd, 4.12
Sesame Seed, 9.64
Snails - Large Canned, 2.73
Pepper - Scotch Bonnet, 9.42
Coffee - Almond Amaretto, 6.37
Tomatoes - Cherry, 2.8
Sugar - Monocystal / Rock, 6.13
Pizza Pizza Dough, 6.58
Salt And Pepper Mix - White, 3.79
Dc - Frozen Momji, 9.53
Chutney Sauce - Mango, 5.72
Cake - Bande Of Fruit, 2.62
Wood Chips - Regular, 2.9
Cabbage - Nappa, 9.42
General Purpose Trigger, 8.08
Guinea Fowl, 7.1
Pomello, 2.44
Lettuce - Spring Mix, 2.48
Wine - Dubouef Macon - Villages, 2.3
Kumquat, 5.02
Flour - Fast / Rapid, 7.29
Sausage - Andouille, 9.75
Wine - Kwv Chenin Blanc South, 1.73
Eel - Smoked, 5.08
Foil Cont Round, 3.8
Pails With Lids, 2.33
Emulsifier, 6.66
Wine - Lamancha Do Crianza, 8.94
Cheese - Comte, 9.08
Eggplant Italian, 6.62
Cheese - Provolone, 4.73
Plasticspoonblack, 2.9
Zucchini - Green, 9.62
Wine - Fume Blanc Fetzer, 2.7
Beef - Striploin Aa, 4.06
Gatorade - Orange, 6.85
Flour - Chickpea, 4.3
Tomatoes - Grape, 5.49
Barley - Pearl, 8.66
Versatainer Nc - 888, 9.31
Bok Choy - Baby, 8.36
Coffee Decaf Colombian, 1.75
Flower - Commercial Bronze, 2.27
Jolt Cola, 7.5
Pasta - Orecchiette, 6.85
Wine - Tio Pepe Sherry Fino, 2.56
Onions - Green, 1.44
Wine - Trimbach Pinot Blanc, 8.46
Trout - Smoked, 2.88
Snapple - Iced Tea Peach, 4.36
Soupfoamcont12oz 112con, 4.6
Plasticforkblack, 7.51
Cheese - St. Paulin, 9.86
Cheese - Taleggio D.o.p., 2.24
V8 - Tropical Blend, 9.78
Cheese - Swiss Sliced, 2.97
Propel Sport Drink, 9.6
Pears - Fiorelle, 2.99
Cheese Cloth No 60, 6.01
Parsley - Fresh, 8.88
Beets - Mini Golden, 5.8
Danishes - Mini Raspberry, 6.97
Cheese - Gorgonzola, 7.15
Sauce - Hp, 3.47
Lighter - Bbq, 4.08
Pea - Snow, 1.13
Wine - Magnotta - Bel Paese White, 1.47
Pork - Sausage Casing, 8.06
Bread - Italian Corn Meal Poly, 2.18
Beer - Paulaner Hefeweisse, 3.04
Wine - Rhine Riesling Wolf Blass, 1.56
Flour - Whole Wheat, 7.95
Ginsing - Fresh, 2.08
Arrowroot, 2.02
Cleaner - Lime Away, 1.72
Ecolab - Medallion, 3.49
Table Cloth 54x54 White, 8.67
Passion Fruit, 7.72
Lamb - Loin Chops, 3.16
Carbonated Water - Wildberry, 3.13
Beer - Molson Excel, 2.33
Chicken - Whole, 7.18
Onions - White, 8.44
Pear - Halves, 5.77
Hinge W Undercut, 8.9
Eggplant Oriental, 6.63
Amaretto, 7.23
Dip - Tapenade, 9.43
Wine - Chardonnay Mondavi, 4.76
Bread - Malt, 7.29
Tandoori Curry Paste, 2.38
Beef - Sushi Flat Iron Steak, 4.97
Olives - Morracan Dired, 7.41
Table Cloth 72x144 White, 9.44
Versatainer Nc - 9388, 6.85
Oven Mitt - 13 Inch, 7.44
Beer - Upper Canada Lager, 5.77
Ice Cream Bar - Hagen Daz, 4.51
Sugar - Crumb, 1.43
Lumpfish Black, 1.49
Lettuce - Boston Bib - Organic, 1.45
Steampan - Foil, 1.96
Muffin Batt - Choc Chk, 3.45
Beef - Ground Lean Fresh, 7.12
Muffins - Assorted, 7.31
Grand Marnier, 3.8
Cocoa Powder - Dutched, 6.81
Spinach - Frozen, 4.84
Apples - Spartan, 2.18
Mcguinness - Blue Curacao, 3.11
Yeast Dry - Fleischman, 5.16
Scallops - 10/20, 1.54
Muffin Mix - Carrot, 8.49
Soup - Campbells Beef Stew, 2.19
Smoked Paprika, 6.87
Sauce - Thousand Island, 3.66
Beef - Rib Eye Aaa, 8.02
Longos - Chicken Caeser Salad, 9.82
Carbonated Water - Strawberry, 6.8
Goat - Leg, 6.69
Apricots - Halves, 1.38
Bagelers - Cinn / Brown, 6.32
Lettuce - Romaine, 8.18
Boogies, 3.59
Ham - Cooked Italian, 5.62
Island Oasis - Magarita Mix, 4.28
Soup - Campbells Asian Noodle, 2.55
Grenadillo, 1.99
Veal - Leg, 5.25
Kahlua, 8.81
Wine - Chianti Classico Riserva, 8.59
Sea Bass - Whole, 9.98
Tea - Herbal Sweet Dreams, 5.75
Nutmeg - Ground, 6.54
Bread Foccacia Whole, 2.07
Coriander - Seed, 4.66
Bread - Assorted Rolls, 4.42
Skirt - 24 Foot, 4.71
Sweet Pea Sprouts, 1.07
Cookies Almond Hazelnut, 6.09
The Pop Shoppe - Root Beer, 9.69
Corn Syrup, 4.43
Oil - Hazelnut, 5.87
Sage - Fresh, 7.57
Truffle Cups - Red, 9.65
Extract - Almond, 3.75
Ecolab Crystal Fusion, 9.12
Milk - 1%, 6.67
Hot Chocolate - Individual, 6.22
Lettuce - Treviso, 6.2
Parsnip, 5.64
Ham - Virginia, 4.83
Appetizer - Asian Shrimp Roll, 5.73
Wine - Montecillo Rioja Crianza, 7.54
Sugar - Fine, 8.25
Isomalt, 1.68
Asparagus - Mexican, 1.65
Assorted Desserts, 7.73
Otomegusa Dashi Konbu, 4.48
Bonito Flakes - Toku Katsuo, 4.31
Kellogs Cereal In A Cup, 9.27
Cheese - La Sauvagine, 2.43
Cake - Night And Day Choclate, 9.91
Chambord Royal, 8.58
Bar - Sweet And Salty Chocolate, 2.19
Cups 10oz Trans, 7.31
Absolut Citron, 1.72
Raisin - Dark, 4.06
Bread - Rosemary Focaccia, 2.74
Pan Grease, 2.17
Tamarind Paste, 9.73
Pepper - Chili Powder, 7.83
Cheese - Brie Roitelet, 3.66
Irish Cream - Butterscotch, 2.45
Coffee Cup 12oz 5342cd, 4.64
Beer - Tetleys, 6.91
Fennel, 2.91
Crab - Soft Shell, 8.15
Taro Leaves, 9.89
Bar - Granola Trail Mix Fruit Nut, 9.86
Carrots - Jumbo, 4.65
Towel Multifold, 3.99
Tea - Honey Green Tea, 9.58
Soup - Campbells, 2.57
Pork - European Side Bacon, 1.7
Bagel - Whole White Sesame, 4.41
Tomatoes Tear Drop Yellow, 8.36
Bagels Poppyseed, 8.14
Mix - Cappucino Cocktail, 1.32
Crackers - Melba Toast, 2.79
Dried Cherries, 9.82
Capon - Whole, 4.19
Oil - Coconut, 7.71
Sausage - Blood Pudding, 6.51
Wiberg Super Cure, 5.49
Remy Red, 1.32
The Pop Shoppe - Black Cherry, 8.14
Beans - Green, 4.12
Muffin Hinge - 211n, 2.13
Bread - Olive Dinner Roll, 5.53
Crab - Meat, 2.71
Cheese - Grana Padano, 6.58
Chips Potato Salt Vinegar 43g, 6.63
Danishes - Mini Cheese, 6.92
Wine - Conde De Valdemar, 7.68
Veal - Striploin, 8.13
Edible Flower - Mixed, 4.55
Lemons, 5.24
Pie Box - Cello Window 2.5, 5.43
Pancetta, 6.76
Egg - Salad Premix, 9.27
Lettuce - Boston Bib, 4.89
Greens Mustard, 1.19
Chicken - Wieners, 9.27
Sprouts - Alfalfa, 3.59
Goldschalger, 2.69
Bread - Italian Sesame Poly, 6.81
Wine - Red Oakridge Merlot, 4.45
Straws - Cocktale, 3.17
Butter Ripple - Phillips, 8.09
Container - Hngd Cll Blk 7x7x3, 6.93
Island Oasis - Wildberry, 1.15
Carrots - Mini Red Organic, 3.86
Grouper - Fresh, 6.98
Muffin - Bran Ind Wrpd, 6.94
Poppy Seed, 9.56
Flour - Semolina, 8.09
Arctic Char - Fillets, 2.82
Mustard - Seed, 2.36
Beef Wellington, 6.66
Kirsch - Schloss, 5.06
Garam Masala Powder, 6.73
Juice - Mango, 6.08
Cookie Chocolate Chip With, 9.81
Beef - Top Butt Aaa, 8.13
Wild Boar - Tenderloin, 4.15
Cheese - Mascarpone, 1.54
Tomatoes Tear Drop, 4.64
Grapes - Green, 9.61
Food Colouring - Green, 4.62
Macaroons - Two Bite Choc, 9.09
Venison - Denver Leg Boneless, 1.27
Noodles - Steamed Chow Mein, 3.26
Broom And Broom Rack White, 9.85
Mcgillicuddy Vanilla Schnap, 9.31
Sauce - Oyster, 6.11
Triple Sec - Mcguinness, 8.64
Bowl 12 Oz - Showcase 92012, 6.34
The Pop Shoppe - Cream Soda, 2.05
Bar Nature Valley, 9.15
Mix - Cocktail Strawberry Daiquiri, 8.0
Lid - 3oz Med Rec, 3.53
Sesame Seed Black, 9.59
Wine - Riesling Alsace Ac 2001, 9.69
Chocolate - Milk Coating, 3.96
Fruit Mix - Light, 2.84
Oil - Peanut, 5.9
Sobe - Berry Energy, 9.18
Rabbit - Frozen, 2.93
Jicama, 2.72
Tomatoes - Roma, 1.5
Lid Tray - 16in Dome, 8.06
Pie Shell - 5, 5.71
Parsley - Dried, 4.28
Wine - Port Late Bottled Vintage, 9.52
Onions - Spanish, 7.85
Hipnotiq Liquor, 8.42
Beer - Upper Canada Light, 7.32
Flour Dark Rye, 4.09
Wine - Penfolds Koonuga Hill, 5.06
Cake - Box Window 10x10x2.5, 2.57
Coffee - Egg Nog Capuccino, 9.71
Cheese - Cottage Cheese, 2.85
Bread - Bistro Sour, 1.33
Milk - Buttermilk, 9.63
Cream - 18%, 6.44
Soup Campbells Turkey Veg., 3.63
Pork - Side Ribs, 3.21
Kellogs Raisan Bran Bars, 2.17
Anisette - Mcguiness, 3.44
Lamb Shoulder Boneless Nz, 4.48
Appetiser - Bought, 2.3
Potatoes - Parissienne, 4.41
Energy Drink - Franks Pineapple, 9.16
Crackers - Water, 3.51
Crawfish, 2.98
Calypso - Pineapple Passion, 1.3
Pecan Raisin - Tarts, 9.36
Duck - Whole, 3.69
Wine - Pinot Noir Mondavi Coastal, 3.69
Wine - Ruffino Chianti, 1.38
Squid - U - 10 Thailand, 4.28
Wine - Soave Folonari, 2.42
Soup - Base Broth Beef, 7.35
Energy - Boo - Koo, 6.62
Vacuum Bags 12x16, 8.68
Soup - Verve - Chipotle Chicken, 5.14
Wine - Casillero Del Diablo, 9.64
Towels - Paper / Kraft, 4.91
Capicola - Hot, 8.64
Chocolate - Semi Sweet, 5.07
Tart - Butter Plain Squares, 8.71
Rice Wine - Aji Mirin, 3.07
Tea - Camomele, 5.6
Cookie Dough - Oatmeal Rasin, 1.9
True - Vue Containers, 6.13
Wine - Alsace Riesling Reserve, 3.66
Filling - Mince Meat, 6.66
Red Pepper Paste, 2.15
Bread Base - Gold Formel, 3.81
Phyllo Dough, 3.55
French Pastry - Mini Chocolate, 9.03
Mousse - Mango, 7.44
Wine - Carmenere Casillero Del, 2.19
Puff Pastry - Slab, 2.1
Southern Comfort, 2.99
Pastry - Baked Scones - Mini, 6.89
Oyster - In Shell, 9.25
Wine - Masi Valpolocell, 8.28
Lamb - Shanks, 4.02
Appetizer - Smoked Salmon / Dill, 2.0
Wine - Baron De Rothschild, 9.31
Plate Pie Foil, 8.13
Myers Planters Punch, 5.82
Table Cloth 54x72 Colour, 3.29
Sherbet - Raspberry, 6.3
Star Fruit, 3.9
Cheese - Cheddar With Claret, 2.25
Coffee - Hazelnut Cream, 7.2
Wiberg Cure, 6.17
Soup V8 Roasted Red Pepper, 7.6
Sauce - Balsamic Viniagrette, 8.96
Appetizer - Shrimp Puff, 9.86
Table Cloth 54x54 Colour, 7.41
Sausage - Meat, 1.93
Tray - 12in Rnd Blk, 5.93
Wine - Piper Heidsieck Brut, 2.29
Beef - Top Sirloin - Aaa, 6.56
Soup Bowl Clear 8oz92008, 9.66
Oil - Cooking Spray, 7.22
Tea - Earl Grey, 9.71
Onions - Vidalia, 3.83
Bread Cranberry Foccacia, 1.4
Lettuce Romaine Chopped, 1.2
Thyme - Fresh, 2.04
Muskox - French Rack, 1.32
Sugar - Palm, 3.87
Squash - Butternut, 9.84
Eggs - Extra Large, 1.46
Island Oasis - Raspberry, 7.34
Seabream Whole Farmed, 4.41
Sauce - Rosee, 6.74
Beef - Montreal Smoked Brisket, 7.29
Chocolate Bar - Coffee Crisp, 9.97
Beer - Creemore, 2.71
Beans - Fine, 8.36
Sauce - Mint, 2.19
Persimmons, 7.29
Wine - Zonnebloem Pinotage, 2.71
Pickles - Gherkins, 9.16
Turnip - Wax, 1.62
Cheese - Perron Cheddar, 3.0
Cup - Paper 10oz 92959, 1.85
Chinese Foods - Pepper Beef, 8.23
Lemon Tarts, 5.86
Wine - Sauvignon Blanc, 2.59
Lettuce - Red Leaf, 8.11
Carbonated Water - Blackcherry, 1.27
Nantucket - 518ml, 6.98
Pop Shoppe Cream Soda, 4.0
Sproutsmustard Cress, 7.67
Flour - Strong, 5.97
Beer - Blue, 8.06
Cookie Dough - Double, 8.18
Bread - English Muffin, 6.28
Curry Powder, 9.58
Carroway Seed, 8.0
Carbonated Water - Blackberry, 2.97
Olive - Spread Tapenade, 6.1
Veal - Nuckle, 6.79
Sauce - Roasted Red Pepper, 3.31
Puree - Guava, 7.03
Vector Energy Bar, 4.78
Green Tea Refresher, 1.99
Filter - Coffee, 7.01
Chick Peas - Dried, 9.84
Mushroom - Morel Frozen, 6.7
Coffee Cup 8oz 5338cd, 5.85
Bag - Regular Kraft 20 Lb, 2.23
Island Oasis - Lemonade, 2.05
Bread Fig And Almond, 9.55
Wine - Vovray Sec Domaine Huet, 1.4
Basil - Seedlings Cookstown, 1.41
Tilapia - Fillets, 3.25
Snapple - Mango Maddness, 7.06
Vanilla Beans, 4.83
Snapple Lemon Tea, 5.09
Wine - Barossa Valley Estate, 9.49
Beets, 3.92
Mushroom - Chanterelle Frozen, 9.51
Beer - Mill St Organic, 2.25
Rhubarb, 8.29
Longos - Chicken Curried, 2.42
Chinese Foods - Chicken Wing, 6.69
Hagen Daza - Dk Choocolate, 7.02
Soup - Campbells Beef Strogonoff, 7.88
Icecream - Dstk Strw Chseck, 9.99
Pork Loin Bine - In Frenched, 8.61
Pork - Backs - Boneless, 8.53
Juice - Happy Planet, 1.06
Quail Eggs - Canned, 4.13
Onions - Cippolini, 2.87
Tea Leaves - Oolong, 3.58
Sauce - Salsa, 1.12
Wine - Sawmill Creek Autumn, 3.33
Bread - White Epi Baguette, 2.88
Salmon - Fillets, 1.33
Soup - Campbells Broccoli, 3.35
Ecolab Silver Fusion, 9.75
Sun - Dried Tomatoes, 3.75
Cactus Pads, 9.8
Water - San Pellegrino, 2.01
Long Island Ice Tea, 4.78
Puree - Mocha, 1.32
Pastry - Cheese Baked Scones, 8.19
Container Clear 8 Oz, 7.44
Ecolab - Balanced Fusion, 6.91
Dehydrated Kelp Kombo, 7.63
V8 Splash Strawberry Kiwi, 3.98
Onions - Pearl, 1.35
Bread - Corn Muffaleta Onion, 4.16
Kale - Red, 2.3
Squid Ink, 6.46
Muffin Hinge Container 6, 3.58
Cake - Cheese Cake 9 Inch, 2.12
Table Cloth 62x114 White, 6.71
Daves Island Stinger, 9.49
Scallops - Live In Shell, 4.78
Mix - Cocktail Ice Cream, 5.44
Longos - Grilled Salmon With Bbq, 6.68
Chicken Breast Wing On, 6.7
Vol Au Vents, 5.62
Soup - Cream Of Potato / Leek, 5.56
Bagelers - Cinn / Brown Sugar, 9.94
Wine - Guy Sage Touraine, 3.21
Blue Curacao - Marie Brizard, 6.32
Spinach - Packaged, 6.38
Mikes Hard Lemonade, 3.37
Flour - Bread, 2.89
Cream - 10%, 2.51
Langers - Mango Nectar, 9.71
Bagel - Everything Presliced, 8.37
V8 Splash Strawberry Banana, 9.12
Foam Espresso Cup Plain White, 4.22
Syrup - Kahlua Chocolate, 4.64
Chicken - Whole Roasting, 7.18
Schnappes Peppermint - Walker, 6.26
Nantucket - Orange Mango Cktl, 3.2
Spinach - Spinach Leaf, 6.78
Muffin Orange Individual, 8.22
Juice - Lime, 7.62
Fish - Bones, 3.61
Wine - Rosso Toscano Igt, 9.71
Flower - Commercial Spider, 8.53
Longos - Grilled Chicken With, 9.74
Container - Foam Dixie 12 Oz, 2.34
Burger Veggie, 2.72
Mustard Prepared, 9.2
Cucumber - English, 8.33
Radish, 5.31
Appetizer - Assorted Box, 2.39
External Supplier, 8.63
Cheese - Marble, 1.58
Peas - Frozen, 1.22
Sloe Gin - Mcguinness, 4.51
Scallops - U - 10, 2.15
Wine - Chateau Aqueria Tavel, 9.18
Garbage Bags - Clear, 3.71
French Kiss Vanilla, 2.99
Pork - Back Ribs, 7.84
Steel Wool S.o.s, 3.55
Crab Brie In Phyllo, 2.09
Wine - Vidal Icewine Magnotta, 9.54
Puree - Passion Fruit, 3.77
Wine - Sauvignon Blanc Oyster, 2.07
Shortbread - Cookie Crumbs, 2.62
Longos - Chicken Cordon Bleu, 4.0
Bagelers, 1.36
Beer - True North Lager, 5.33
Trueblue - Blueberry, 1.76
Godiva White Chocolate, 3.02
Foie Gras, 8.83
Lettuce - Belgian Endive, 5.37
Chocolate Liqueur - Godet White, 3.67
Lettuce - Sea / Sea Asparagus, 9.23
Wine - Spumante Bambino White, 3.69
Salad Dressing, 9.48
Soup - Campbells Bean Medley, 2.3
Beer - Labatt Blue, 2.04
Puree - Blackcurrant, 2.29
Lobak, 5.59
Chervil - Fresh, 3.2
Mayonnaise - Individual Pkg, 1.22
Soup Campbells - Tomato Bisque, 9.43
Piping Jelly - All Colours, 6.4
Nantucket - Pomegranate Pear, 6.86
Squid - Tubes / Tenticles 10/20, 7.37
Beer - Sleemans Honey Brown, 8.66
Vinegar - Raspberry, 9.56
Wine - Taylors Reserve, 6.05
Pork - Smoked Kassler, 1.15
Currants, 6.55
Coffee - French Vanilla Frothy, 3.69
Everfresh Products, 6.43
Huck White Towels, 4.5
Soup - Boston Clam Chowder, 1.92
Carbonated Water - Peach, 6.41
Lettuce - Frisee, 6.24
Crackers - Trio, 5.33
Scallops - In Shell, 2.72
Mustard - Pommery, 8.82
Beer - Maudite, 9.0
Eggplant - Regular, 7.03
Rice Paper, 8.14
Bread Sour Rolls, 5.65
Pie Filling - Cherry, 6.72
Pork - Suckling Pig, 5.98
Muffin Carrot - Individual, 2.9
Oil - Olive Bertolli, 1.9
Vaccum Bag 10x13, 5.17
Ostrich - Fan Fillet, 2.89
Sour Puss Raspberry, 2.26
Fuji Apples, 5.58
Wine - Fat Bastard Merlot, 5.02
Cinnamon Rolls, 7.66
Cream Of Tartar, 8.82
Dill Weed - Fresh, 4.2
Milk 2% 500 Ml, 5.36
Stock - Fish, 7.97
Cookie Dough - Peanut Butter, 4.45
Mousse - Banana Chocolate, 9.2
Veal - Liver, 5.93
Sugar - Invert, 7.58
Wasabi Paste, 4.39
Muffin Mix - Blueberry, 4.9
Gelatine Leaves - Envelopes, 4.19
Beef - Ground Medium, 9.4
Piping - Bags Quizna, 6.83
Watercress, 3.2
Cabbage - Green, 5.94
Bread - French Stick, 8.52
Cod - Black Whole Fillet, 5.25
Paper Cocktail Umberlla 80 - 180, 8.32
Chocolate Bar - Reese Pieces, 4.88
Prunes - Pitted, 9.76
Melon - Watermelon Yellow, 5.44
Vinegar - White, 7.17
Jolt Cola - Electric Blue, 6.05
Pork - Ham Hocks - Smoked, 8.09
Bar Special K, 6.4
Sugar Thermometer, 9.0
Chef Hat 20cm, 7.16
Temperature Recording Station, 8.11
Garlic, 1.55
Lobster - Tail 6 Oz, 1.85
Muffin - Mix - Bran And Maple 15l, 9.28
Pectin, 2.26
Juice - Ocean Spray Kiwi, 1.92
Beef - Tender Tips, 9.26
Cheese - Valancey, 2.35
Cookies Cereal Nut, 8.71
Cheese - Sheep Milk, 8.19
Wine - Cotes Du Rhone, 9.83
